"","station","glatos_array","station_no","consecutive_deploy_no","intend_lat","intend_long","deploy_lat","deploy_long","recover_lat","recover_long","deploy_date_time","recover_date_time","bottom_depth","riser_length","instrument_depth","ins_model_no","glatos_ins_frequency","ins_serial_no","code_map","code_map_comment","deployed_by","comments","glatos_seasonal","glatos_project","glatos_vps","year"
"1","WLN-026","WLN","26",11,NA,NA,43.20219,-79.2645,NA,NA,2020-01-14 19:24:00,2020-11-24 18:41:00,NA,NA,NA,"VR2TX",69,481683,"MAP-114",NA,NA,NA,"No","WLONA","No","2020"
"2","WLN-041","WLN","41",7,NA,NA,43.20276,-79.26276,NA,NA,2020-01-14 19:35:00,2020-11-24 18:41:00,NA,NA,NA,"VR2W",69,132821,"MAP-114","error 1 initialization occurred between deploy and recover","DFO",NA,"No","WLONA","No","2020"
"3","HAM-017","HAM","17",8,NA,NA,43.29488,-79.82113,NA,NA,2020-06-02 18:37:00,2021-06-16 18:00:00,NA,NA,NA,"VR2AR",69,549114,"MAP-114","error 1 initialization occurred between deploy and recover",NA,NA,"No","HAMLO","No","2020"
"4","HAM-039","HAM","39",6,NA,NA,43.28176,-79.85158,NA,NA,2020-06-02 19:20:00,2021-06-07 13:01:00,20,NA,NA,"VR2AR",69,547992,"MAP-114",NA,NA,NA,"No","HAMLO","No","2020"
"5","HAM-023","HAM","23",9,NA,NA,43.28569,-79.86764,NA,NA,2020-06-02 20:32:00,2021-06-16 17:00:00,10,NA,NA,"VR2AR",69,547993,"MAP-114",NA,NA,NA,"No","HAMLO","No","2020"
"6","WLN-010","WLN","10",6,NA,NA,43.41613,-79.67136,NA,NA,2020-06-03 14:58:00,2021-06-07 14:02:00,25.1,2,NA,"VR2WAR",69,549102,"MAP-114",NA,"DFO",NA,"No","WLONA","No","2020"
"7","WLN-006","WLN","6",6,NA,NA,43.49064,-79.59042,NA,NA,2020-06-03 15:45:00,2021-06-07 14:24:00,21,2,NA,"VR2WAR",69,549110,"MAP-114",NA,"DFO",NA,"No","WLONA","No","2020"
"8","WLN-004","WLN","4",6,NA,NA,43.56569,-79.51855,NA,NA,2020-06-03 16:05:00,2021-06-07 14:52:00,19.2,2,NA,"VR2WAR",69,548269,"MAP-114",NA,"DFO",NA,"No","WLONA","No","2020"
"9","WLN-030","WLN","30",2,NA,NA,43.65163,-79.2506,NA,NA,2020-06-03 19:35:00,2021-06-08 18:07:00,22,2,NA,"VR2WAR",69,549093,"MAP-114",NA,"DFO",NA,"No","WLONA","No","2020"
"10","WLN-031","WLN","31",2,NA,NA,43.70627,-79.19155,NA,NA,2020-06-03 20:19:00,2021-06-09 15:29:00,20.4,2,NA,"VR2WAR",69,548256,"MAP-114",NA,"DFO",NA,"No","WLONA","No","2020"
"11","WLN-008","WLN","8",6,NA,NA,43.20914,-79.3198,NA,NA,2020-06-06 16:50:00,2021-06-07 18:32:00,20,2,NA,"VR2WAR",69,549115,"MAP-114","error 1 initialization occurred between deploy and recover","DFO",NA,"No","WLONA","No","2020"
"12","WLN-002","WLN","2",6,NA,NA,43.6192,-79.45171,NA,NA,2020-06-08 16:27:00,2021-06-07 15:14:00,18.9,2,NA,"VR2WAR",69,549105,"MAP-114",NA,"DFO",NA,"No","WLONA","No","2020"
"13","WLN-003","WLN","3",6,NA,NA,43.26948,-79.19328,NA,NA,2020-06-16 16:19:00,2021-06-07 18:07:00,20,2,NA,"VR2WAR",69,549097,"MAP-114",NA,"DFO",NA,"No","WLONA","No","2020"
"14","WLN-009","WLN","9",5,NA,NA,43.22352,-79.45905,NA,NA,2020-06-16 17:30:00,2021-06-07 19:13:00,28,2,NA,"VR2WAR",69,549116,"MAP-114",NA,"DFO",NA,"No","WLONA","No","2020"
"15","HAM-022","HAM","22",9,NA,NA,43.30235,-79.79037,NA,NA,2020-06-16 20:46:00,2021-07-27 12:30:00,7,NA,NA,"VR2AR",69,549107,"MAP-114",NA,NA,NA,"No","HAMLO","No","2020"
"16","WLN-037","WLN","37",2,NA,NA,43.74167,-78.97946,NA,NA,2020-06-17 15:05:00,2021-06-14 20:15:00,72.8,2,NA,"VR2WAR",69,547988,"MAP-114",NA,"DFO",NA,"No","WLONA","No","2020"
"17","WLN-038","WLN","38",2,NA,NA,43.77656,-78.83806,NA,NA,2020-06-17 15:30:00,2021-06-14 18:01:00,66,2,NA,"VR2WAR",69,547997,"MAP-114",NA,"DFO",NA,"No","WLONA","No","2020"
"18","WLN-039","WLN","39",2,NA,NA,43.78651,-78.67521,NA,NA,2020-06-17 17:30:00,2021-06-29 18:17:00,76.6,2,NA,"VR2WAR",69,548283,"MAP-114",NA,"DFO",NA,"No","WLONA","No","2020"
"19","WLN-036","WLN","36",2,NA,NA,43.8789,-78.6188,NA,NA,2020-06-17 22:00:00,2021-06-29 18:36:00,19,2,NA,"VR2WAR",69,547990,"MAP-114",NA,"DFO",NA,"No","WLONA","No","2020"
"20","WLN-032","WLN","32",2,NA,NA,43.76568,-79.10988,NA,NA,2020-06-18 14:55:00,2021-06-14 20:45:00,20,2,NA,"VR2WAR",69,547996,"MAP-114",NA,"DFO",NA,"No","WLONA","No","2020"
"21","WLN-033","WLN","33",2,NA,NA,43.78911,-79.02378,NA,NA,2020-06-18 15:05:00,2021-06-14 19:51:00,24,2,NA,"VR2WAR",69,548277,"MAP-114",NA,"DFO",NA,"No","WLONA","No","2020"
"22","WLN-034","WLN","34",2,NA,NA,43.8202,-78.93321,NA,NA,2020-06-18 15:40:00,2021-06-14 18:56:00,26,2,NA,"VR2WAR",69,548623,"MAP-114",NA,"DFO","RAEON receiver","No","WLONA","No","2020"
"23","WLN-035","WLN","35",2,NA,NA,43.85008,-78.80348,NA,NA,2020-06-18 16:13:00,2021-06-14 18:24:00,21,2,NA,"VR2WAR",69,548264,"MAP-114",NA,"DFO",NA,"No","WLONA","No","2020"
"24","WLN-007","WLN","7",5,NA,NA,43.25367,-79.60337,NA,NA,2020-06-18 18:25:00,2021-06-07 19:43:00,20,2,NA,"VR2WAR",69,548243,"MAP-114",NA,"DFO",NA,"No","WLONA","No","2020"
"25","WLN-005","WLN","5",5,NA,NA,43.29595,-79.74334,NA,NA,2020-06-18 18:50:00,2021-06-07 20:34:00,19.2,2,NA,"VR2WAR",69,548259,"MAP-114",NA,"DFO",NA,"No","WLONA","No","2020"
"26","WLN-001","WLN","1",6,NA,NA,43.3306,-79.75633,NA,NA,2020-06-18 19:00:00,2021-06-07 13:39:00,16,2,NA,"VR2WAR",69,548242,"MAP-114",NA,"DFO",NA,"No","WLONA","No","2020"
"27","HAM-041","HAM","41",7,NA,NA,43.2767,-79.83893,NA,NA,2020-06-29 17:30:00,2021-06-16 18:18:00,NA,NA,NA,"VR2W",69,131525,"MAP-113",NA,NA,NA,"No","HAMLO","No","2020"
"28","HAM-058","HAM","58",4,NA,NA,43.31292,-79.8061,NA,NA,2020-06-29 18:09:00,2021-07-19 18:57:00,1.2,NA,NA,"VR2W",69,119690,"MAP-113",NA,NA,NA,"No","HAMLO","No","2020"
"29","HAM-046","HAM","46",6,NA,NA,43.30771,-79.82588,NA,NA,2020-06-29 18:25:00,2021-06-16 18:37:00,2,NA,NA,"VR2W",69,133002,"MAP-114",NA,NA,NA,"No","HAMLO","No","2020"
"30","HAM-045","HAM","45",4,NA,NA,43.3046,-79.80238,NA,NA,2020-06-29 19:45:00,2021-06-16 16:12:00,1.2,NA,NA,"VR2W",69,121991,"MAP-113",NA,NA,NA,"No","HAMLO","No","2020"
"31","HAM-043","HAM","43",5,NA,NA,43.27957,-79.8915,NA,NA,2020-06-29 21:27:00,2021-06-16 17:20:00,2,NA,NA,"VR2W",69,119706,"MAP-114",NA,NA,NA,"No","HAMLO","No","2020"
"32","HAM-048","HAM","48",5,NA,NA,43.27311,-79.88506,NA,NA,2020-06-29 21:27:00,2021-06-17 19:05:00,2.5,NA,NA,"VR2W",69,132997,"MAP-114",NA,NA,NA,"No","HAMLO","No","2020"
"33","HAM-063","HAM","63",4,NA,NA,43.2822,-79.88451,NA,NA,2020-06-29 21:56:00,2021-06-16 17:52:00,1.5,NA,NA,"VR2W",69,119660,"MAP-114",NA,NA,NA,"No","HAMLO","No","2020"
"34","HAM-012","HAM","12",9,NA,NA,43.30048,-79.80591,NA,NA,2020-06-29 23:05:00,2021-06-28 18:30:00,8,NA,NA,"VR2W",69,127839,"MAP-114",NA,NA,NA,"No","HAMLO","No","2020"
"35","HAM-051","HAM","51",5,NA,NA,43.26976,-79.87317,NA,NA,2020-06-30 16:59:00,2021-06-17 19:19:00,3.2,NA,NA,"VR2W",69,127837,"MAP-114",NA,NA,NA,"No","HAMLO","No","2020"
"36","HAM-036","HAM","36",9,NA,NA,43.27139,-79.8695,NA,NA,2020-06-30 17:50:00,2021-06-28 20:00:00,NA,NA,NA,"VR2W",69,119711,"MAP-114",NA,NA,NA,"No","HAMLO","No","2020"
"37","HAM-052","HAM","52",7,NA,NA,43.27438,-79.86617,NA,NA,2020-06-30 19:13:00,2021-06-28 19:39:00,2.4,NA,NA,"VR2W",69,132818,"MAP-114",NA,NA,NA,"No","HAMLO","No","2020"
"38","HAM-011","HAM","11",6,NA,NA,43.2773,-79.8669,NA,NA,2020-06-30 19:50:00,2021-06-23 19:30:00,13,NA,NA,"VR2W",69,133111,"MAP-114",NA,NA,NA,"No","HAMLO","No","2020"
"39","HAM-055","HAM","55",6,NA,NA,43.27455,-79.8649,NA,NA,2020-06-30 19:50:00,2021-06-28 19:20:00,4.2,NA,NA,"VR2W",69,133112,"MAP-114",NA,NA,NA,"No","HAMLO","No","2020"
"40","HAM-053","HAM","53",6,NA,NA,43.2759,-79.86333,NA,NA,2020-06-30 20:45:00,2021-06-28 19:07:00,6.3,NA,NA,"VR2W",69,132820,"MAP-114",NA,NA,NA,"No","HAMLO","No","2020"
"41","HAM-009","HAM","9",9,NA,NA,43.28036,-79.80383,NA,NA,2020-07-02 18:30:00,2021-06-17 17:00:00,13,NA,NA,"VR2W",69,127827,"MAP-114",NA,NA,NA,"No","HAMLO","No","2020"
"42","HAM-034","HAM","34",9,NA,NA,43.27142,-79.80812,NA,NA,2020-07-02 19:40:00,2021-06-17 17:45:00,1.6,NA,NA,"VR2W",69,121993,"MAP-114",NA,NA,NA,"No","HAMLO","No","2020"
"43","HAM-032","HAM","32",8,NA,NA,43.27973,-79.89346,NA,NA,2020-07-03 13:53:00,2021-09-10 19:20:00,1.9,NA,NA,"VR2W",69,132999,"MAP-114",NA,NA,NA,"No","HAMLO","No","2020"
"44","HAM-030","HAM","30",7,NA,NA,43.27192,-79.92519,NA,NA,2020-07-03 14:24:00,2021-09-10 18:52:00,NA,NA,NA,"VR2W",69,119662,"MAP-114",NA,NA,NA,"No","HAMLO","No","2020"
"45","HAM-042","HAM","42",5,NA,NA,43.26877,-79.9348,NA,NA,2020-07-03 14:48:00,2021-09-10 20:00:00,1.6,NA,NA,"VR2W",69,124717,"MAP-114",NA,NA,NA,"No","HAMLO","No","2020"
"46","HAM-013","HAM","13",8,NA,NA,43.29691,-79.80157,NA,NA,2020-07-03 18:10:00,2021-06-23 18:30:00,10,NA,NA,"VR2W",69,119681,"MAP-114",NA,NA,NA,"No","HAMLO","No","2020"
"47","HAM-035","HAM","35",5,NA,NA,43.26228,-79.77238,NA,NA,2020-07-03 23:40:00,2021-06-17 17:45:00,2,NA,NA,"VR2W",69,131522,"MAP-114",NA,NA,NA,"No","HAMLO","No","2020"
"48","WLN-014","WLN","14",6,NA,NA,43.24452,-79.21571,NA,NA,2020-11-24 16:00:00,2022-11-07 22:53:00,NA,NA,NA,"VR2W",69,121998,"MAP-113",NA,"DFO",NA,"No","WLONA","No","2020"
"49","WLN-015","WLN","15",6,NA,NA,43.22842,-79.21602,NA,NA,2020-11-24 16:00:00,NA,NA,NA,NA,"VR2W",69,132819,NA,"code map not available (receiver currently deployed)","DFO",NA,"No","WLONA","No","2020"
"50","WLN-022","WLN","22",5,NA,NA,43.24452,-79.21571,NA,NA,2020-11-24 16:00:00,2021-11-11 05:00:00,NA,NA,NA,"VR2W",180,302116,"MAP-413",NA,"DFO",NA,"No","WLONA","No","2020"
"51","WLN-021","WLN","21",5,NA,NA,42.88536,-79.24825,NA,NA,2020-11-24 19:49:00,2022-11-17 22:00:00,NA,NA,NA,"VR2W",69,107321,"MAP-113",NA,"DFO",NA,"No","WLONA","No","2020"
"52","WLN-025","WLN","25",5,NA,NA,42.88536,-79.24825,NA,NA,2020-11-24 19:49:00,2021-11-06 04:00:00,NA,NA,NA,"VR2W",180,301602,"MAP-413",NA,"DFO",NA,"No","WLONA","No","2020"
"53","HAM-039","HAM","39",7,NA,NA,43.28176,-79.85158,NA,NA,2021-06-07 13:12:00,2022-06-09 18:23:00,17.9,NA,NA,"VR2AR",69,549109,"MAP-114","error 1 initialization occurred between deploy and recover",NA,NA,"No","HAMLO","No","2021"
"54","WLN-001","WLN","1",7,NA,NA,43.3306,-79.75633,NA,NA,2021-06-07 13:41:00,2022-06-06 14:30:00,17,1,NA,"VR2WAR",69,547992,"MAP-114",NA,"Larocque S./DFO",NA,"No","WLONA","No","2021"
"55","WLN-010","WLN","10",7,NA,NA,43.41613,-79.67136,NA,NA,2021-06-07 14:07:00,2022-06-06 15:13:00,18.2,1,NA,"VR2WAR",69,549098,"MAP-114",NA,"Larocque S./DFO",NA,"No","WLONA","No","2021"
"56","WLN-006","WLN","6",7,NA,NA,43.49064,-79.59042,NA,NA,2021-06-07 14:28:00,2022-06-06 15:46:00,18,1,NA,"VR2WAR",69,548242,"MAP-114",NA,"Larocque S./DFO",NA,"No","WLONA","No","2021"
"57","WLN-004","WLN","4",7,NA,NA,43.56569,-79.51855,NA,NA,2021-06-07 14:57:00,2022-06-06 16:20:00,18.1,1,NA,"VR2WAR",69,549102,"MAP-114",NA,"Larocque S./DFO",NA,"No","WLONA","No","2021"
"58","WLN-002","WLN","2",7,NA,NA,43.6192,-79.45171,NA,NA,2021-06-07 15:16:00,2022-06-06 16:50:00,17.6,1,NA,"VR2WAR",69,549110,"MAP-114",NA,"Larocque S./DFO",NA,"No","WLONA","No","2021"
"59","WLN-003","WLN","3",7,NA,NA,43.26948,-79.19328,NA,NA,2021-06-07 18:12:00,2022-06-08 22:30:00,18.7,1,NA,"VR2WAR",69,549105,"MAP-114",NA,"Larocque S./DFO",NA,"No","WLONA","No","2021"
"60","WLN-008","WLN","8",7,NA,NA,43.20914,-79.3198,NA,NA,2021-06-07 18:34:00,2022-06-09 15:44:00,19,1,NA,"VR2WAR",69,548269,"MAP-114",NA,"Larocque S./DFO",NA,"No","WLONA","No","2021"
"61","WLN-009","WLN","9",6,NA,NA,43.22352,-79.45905,NA,NA,2021-06-07 19:17:00,2022-06-09 16:10:00,20.9,1,NA,"VR2WAR",69,549097,"MAP-114",NA,"Larocque S./DFO",NA,"No","WLONA","No","2021"
"62","WLN-007","WLN","7",6,NA,NA,43.25367,-79.60337,NA,NA,2021-06-07 19:49:00,2022-06-09 16:52:00,18,1,NA,"VR2WAR",69,549115,"MAP-114",NA,"Larocque S./DFO",NA,"No","WLONA","No","2021"
"63","WLN-005","WLN","5",6,NA,NA,43.29595,-79.74334,NA,NA,2021-06-07 20:37:00,2022-06-09 17:12:00,18.5,1,NA,"VR2WAR",69,549116,"MAP-114",NA,"Larocque S./DFO",NA,"No","WLONA","No","2021"
"64","WLN-030","WLN","30",3,NA,NA,43.65163,-79.2506,NA,NA,2021-06-08 18:10:00,2022-06-28 16:55:00,20.6,1,NA,"VR2WAR",69,548284,"MAP-114",NA,"Larocque S./DFO",NA,"No","WLONA","No","2021"
"65","WLN-031","WLN","31",3,NA,NA,43.70627,-79.19155,NA,NA,2021-06-09 15:31:00,2022-06-28 17:49:00,20.2,1,NA,"VR2WAR",69,548244,"MAP-114",NA,"Larocque S./DFO",NA,"No","WLONA","No","2021"
"66","WLN-038","WLN","38",3,NA,NA,43.77656,-78.83806,NA,NA,2021-06-14 18:07:00,2022-06-30 20:43:00,64,1,NA,"VR2WAR",69,548278,"MAP-114",NA,"Larocque S./DFO",NA,"No","WLONA","No","2021"
"67","WLN-035","WLN","35",3,NA,NA,43.85008,-78.80348,NA,NA,2021-06-14 18:26:00,2022-06-30 20:12:00,20.6,1,NA,"VR2WAR",69,548250,"MAP-114",NA,"Larocque S./DFO",NA,"No","WLONA","No","2021"
"68","WLN-034","WLN","34",3,NA,NA,43.8202,-78.93321,NA,NA,2021-06-14 18:59:00,2022-06-28 19:30:00,25.3,1,NA,"VR2WAR",69,548256,"MAP-114",NA,"Larocque S./DFO",NA,"No","WLONA","No","2021"
"69","WLN-033","WLN","33",3,NA,NA,43.78911,-79.02378,NA,NA,2021-06-14 19:57:00,2022-06-28 18:33:00,23.2,1,NA,"VR2WAR",69,549093,"MAP-114",NA,"Larocque S./DFO",NA,"No","WLONA","No","2021"
"70","WLN-037","WLN","37",3,NA,NA,43.74167,-78.97946,NA,NA,2021-06-14 20:20:00,2022-06-30 22:48:00,71.1,1,NA,"VR2WAR",69,547997,"MAP-114",NA,"Larocque S./DFO",NA,"No","WLONA","No","2021"
"71","WLN-032","WLN","32",3,NA,NA,43.76568,-79.10988,NA,NA,2021-06-14 20:49:00,2022-06-28 18:14:00,19.5,1,NA,"VR2WAR",69,548240,"MAP-114",NA,"Larocque S./DFO",NA,"No","WLONA","No","2021"
"72","HAM-045","HAM","45",5,NA,NA,43.3046,-79.80238,NA,NA,2021-06-16 16:12:00,2022-09-01 15:45:00,1.2,NA,NA,"VR2W",69,121991,"MAP-114",NA,NA,NA,"No","HAMLO","No","2021"
"73","HAM-023","HAM","23",10,NA,NA,43.28569,-79.86764,NA,NA,2021-06-16 17:00:00,2022-06-09 18:51:00,9,NA,NA,"VR2AR",69,548243,"MAP-114",NA,NA,NA,"No","HAMLO","No","2021"
"74","HAM-043","HAM","43",6,NA,NA,43.27957,-79.8915,NA,NA,2021-06-16 17:20:00,2022-09-15 16:38:00,2,NA,NA,"VR2W",69,121999,"MAP-114",NA,NA,NA,"No","HAMLO","No","2021"
"75","HAM-063","HAM","63",5,NA,NA,43.2822,-79.88451,NA,NA,2021-06-16 17:52:00,2022-09-15 15:59:00,1.5,NA,NA,"VR2W",69,119660,"MAP-114","error 1 initialization occurred between deploy and recover",NA,NA,"No","HAMLO","No","2021"
"76","HAM-017","HAM","17",9,NA,NA,43.29488,-79.82113,NA,NA,2021-06-16 18:00:00,2022-06-09 13:32:00,19.8,NA,NA,"VR2AR",69,547993,"MAP-114","error 1 initialization occurred between deploy and recover",NA,NA,"No","HAMLO","No","2021"
"77","HAM-041","HAM","41",8,NA,NA,43.2767,-79.83893,NA,NA,2021-06-16 18:18:00,2022-09-15 17:28:00,NA,NA,NA,"VR2W",69,131525,"MAP-113",NA,NA,NA,"No","HAMLO","No","2021"
"78","HAM-046","HAM","46",7,NA,NA,43.30771,-79.82588,NA,NA,2021-06-16 18:37:00,2022-09-15 18:34:00,2,NA,NA,"VR2W",69,133002,"MAP-114",NA,NA,NA,"No","HAMLO","No","2021"
"79","HAM-009","HAM","9",10,NA,NA,43.28036,-79.80383,NA,NA,2021-06-17 17:00:00,2021-10-08 04:00:00,13,NA,NA,"VR2W",69,127827,"MAP-114",NA,NA,NA,"No","HAMLO","No","2021"
"80","HAM-034","HAM","34",10,NA,NA,43.27142,-79.80812,NA,NA,2021-06-17 17:45:00,2022-09-15 18:13:00,1.6,NA,NA,"VR2W",69,121993,"MAP-114","error 1 initialization occurred between deploy and recover",NA,NA,"No","HAMLO","No","2021"
"81","HAM-048","HAM","48",6,NA,NA,43.27311,-79.88506,NA,NA,2021-06-17 19:05:00,2022-09-15 17:08:00,2.5,NA,NA,"VR2W",69,133001,"MAP-114",NA,NA,NA,"No","HAMLO","No","2021"
"82","HAM-051","HAM","51",6,NA,NA,43.26976,-79.87317,NA,NA,2021-06-17 19:19:00,2022-09-09 18:16:00,3.2,NA,NA,"VR2W",69,121988,"MAP-114",NA,NA,NA,"No","HAMLO","No","2021"
"83","HAM-047","HAM","47",6,NA,NA,43.30267,-79.83991,NA,NA,2021-06-17 19:45:00,2022-09-15 18:47:00,1.5,NA,NA,"VR2W",69,119706,"MAP-114",NA,NA,NA,"No","HAMLO","No","2021"
"84","HAM-013","HAM","13",9,NA,NA,43.29691,-79.80157,NA,NA,2021-06-23 18:30:00,2022-09-13 16:31:00,9.7,NA,NA,"VR2W",69,119681,"MAP-114",NA,NA,NA,"No","HAMLO","No","2021"
"85","HAM-011","HAM","11",7,NA,NA,43.2773,-79.8669,NA,NA,2021-06-23 19:30:00,2022-09-07 17:27:00,12.6,NA,NA,"VR2W",69,133111,"MAP-114","error 1 initialization occurred between deploy and recover",NA,NA,"No","HAMLO","No","2021"
"86","HAM-035","HAM","35",6,NA,NA,43.26228,-79.77238,NA,NA,2021-06-28 17:15:00,2022-10-18 14:59:00,2,NA,NA,"VR2W",69,131522,"MAP-114",NA,NA,NA,"No","HAMLO","No","2021"
"87","HAM-012","HAM","12",10,NA,NA,43.30048,-79.80591,NA,NA,2021-06-28 18:30:00,2022-09-15 19:10:00,7.6,NA,NA,"VR2W",69,127839,"MAP-114","error 1 initialization occurred between deploy and recover",NA,NA,"No","HAMLO","No","2021"
"88","HAM-053","HAM","53",7,NA,NA,43.2759,-79.86333,NA,NA,2021-06-28 19:07:00,2022-09-08 19:10:00,6.3,NA,NA,"VR2W",69,127837,"MAP-114",NA,NA,NA,"No","HAMLO","No","2021"
"89","HAM-055","HAM","55",7,NA,NA,43.27455,-79.8649,NA,NA,2021-06-28 19:20:00,2022-09-09 17:57:00,3.5,NA,NA,"VR2W",69,132997,"MAP-114",NA,NA,NA,"No","HAMLO","No","2021"
"90","HAM-052","HAM","52",8,NA,NA,43.27438,-79.86617,NA,NA,2021-06-28 19:39:00,2022-09-09 17:31:00,2.4,NA,NA,"VR2W",69,132820,"MAP-114",NA,NA,NA,"No","HAMLO","No","2021"
"91","HAM-036","HAM","36",10,NA,NA,43.27139,-79.8695,NA,NA,2021-06-28 20:00:00,2022-08-03 01:13:00,NA,NA,NA,"VR2W",69,131493,"MAP-114","error 1 initialization occurred between deploy and recover",NA,NA,"No","HAMLO","No","2021"
"92","WLN-039","WLN","39",3,NA,NA,43.78651,-78.67521,NA,NA,2021-06-29 18:21:00,2022-06-30 19:40:00,76.1,1,NA,"VR2WAR",69,548267,"MAP-114",NA,"Larocque S./DFO",NA,"No","WLONA","No","2021"
"93","WLN-036","WLN","36",3,NA,NA,43.8789,-78.6188,NA,NA,2021-06-29 18:41:00,2022-06-29 23:10:00,18.5,1,NA,"VR2WAR",69,548277,"MAP-114",NA,"Larocque S./DFO","Estimated depth based on previous year; forgot to record it","No","WLONA","No","2021"
"94","HAM-058","HAM","58",5,NA,NA,43.31292,-79.8061,NA,NA,2021-07-19 18:57:00,2022-09-01 15:25:00,1.2,NA,NA,"VR2W",69,119690,"MAP-114",NA,NA,NA,"No","HAMLO","No","2021"
"95","HAM-022","HAM","22",10,NA,NA,43.30235,-79.79037,NA,NA,2021-07-27 12:34:00,2022-06-09 17:25:00,6.8,NA,NA,"VR2AR",69,549114,"MAP-114",NA,NA,NA,"No","HAMLO","No","2021"
"96","HAM-030","HAM","30",8,NA,NA,43.27192,-79.92519,NA,NA,2021-09-10 18:52:00,2022-10-18 16:13:00,NA,NA,NA,"VR2W",69,119662,"MAP-114",NA,NA,NA,"No","HAMLO","No","2021"
"97","HAM-032","HAM","32",9,NA,NA,43.27973,-79.89346,NA,NA,2021-09-10 19:20:00,2022-09-28 14:00:00,1.9,NA,NA,"VR2W",69,132999,"MAP-114",NA,NA,NA,"No","HAMLO","No","2021"
"98","HAM-042","HAM","42",6,NA,NA,43.26877,-79.9348,NA,NA,2021-09-11 20:00:00,NA,NA,NA,NA,"VR2W",69,133112,NA,"code map not available (receiver currently deployed)",NA,NA,"No","HAMLO","No","2021"
"99","HAM-018","HAM","18",9,NA,NA,43.27267,-79.878,NA,NA,2021-10-19 18:30:00,2022-06-09 19:06:00,6.1,NA,NA,"VR2AR",69,548257,"MAP-114",NA,NA,NA,"No","HAMLO","No","2021"
"100","HAM-015","HAM","15",9,NA,NA,43.29365,-79.85536,NA,NA,2021-10-19 18:45:00,2022-06-09 19:27:00,6.7,NA,NA,"VR2AR",69,548259,"MAP-114",NA,NA,NA,"No","HAMLO","No","2021"
"101","HAM-005","HAM","5",8,NA,NA,43.28133,-79.86433,NA,NA,2021-10-19 19:00:00,2022-06-09 18:35:00,14.6,NA,NA,"VR2AR",69,547990,"MAP-114",NA,NA,NA,"No","HAMLO","No","2021"
"102","HAM-021","HAM","21",8,NA,NA,43.28578,-79.82647,NA,NA,2021-10-19 19:13:00,2022-06-09 17:56:00,16.6,NA,NA,"VR2AR",69,547996,"MAP-114",NA,NA,NA,"No","HAMLO","No","2021"
"103","HAM-003","HAM","3",9,NA,NA,43.29461,-79.80053,NA,NA,2021-10-19 19:25:00,2022-06-09 17:45:00,15.6,NA,NA,"VR2AR",69,549107,"MAP-114",NA,NA,NA,"No","HAMLO","No","2021"
"104","HAM-025","HAM","25",9,NA,NA,43.30969,-79.81158,NA,NA,2021-10-19 19:37:00,2022-06-09 13:20:00,5.1,NA,NA,"VR2AR",69,548283,"MAP-114",NA,NA,NA,"No","HAMLO","No","2021"
"105","HAM-001","HAM","1",9,NA,NA,43.30611,-79.81861,NA,NA,2021-10-20 14:07:00,2022-11-22 17:25:00,NA,NA,NA,"VR2W",69,127832,"MAP-114",NA,NA,NA,"No","HAMLO","No","2021"
"106","HAM-002","HAM","2",9,NA,NA,43.28685,-79.79576,NA,NA,2021-10-20 14:50:00,2022-11-22 16:43:00,22.3,NA,NA,"VR2W",69,127833,"MAP-114",NA,NA,NA,"No","HAMLO","No","2021"
"107","HAM-007","HAM","7",9,NA,NA,43.30139,-79.83972,NA,NA,2021-10-20 17:50:00,2022-11-17 16:05:00,10.2,NA,NA,"VR2W",69,126879,"MAP-114",NA,NA,NA,"No","HAMLO","No","2021"
"108","HAM-008","HAM","8",9,NA,NA,43.2751,-79.7928,NA,NA,2021-10-20 20:05:00,NA,6.6,NA,NA,"VR2W",69,126880,NA,"code map not available (receiver currently deployed)",NA,NA,"No","HAMLO","No","2021"
"109","HAM-009","HAM","9",11,NA,NA,43.28036,-79.80383,NA,NA,2021-10-27 15:00:00,2022-09-15 17:57:00,13,NA,NA,"VR2W",69,127827,"MAP-114",NA,NA,NA,"No","HAMLO","No","2021"
"110","HAM-004","HAM","4",8,NA,NA,43.28714,-79.84452,NA,NA,2021-10-27 15:30:00,2022-11-22 15:05:00,25,NA,NA,"VR2W",69,131524,"MAP-114",NA,NA,NA,"No","HAMLO","No","2021"
"111","HAM-028","HAM","28",9,NA,NA,43.27556,-79.88194,NA,NA,2021-10-27 20:05:00,2022-11-17 15:26:00,7.8,NA,NA,"VR2W",69,126878,"MAP-114",NA,NA,NA,"No","HAMLO","No","2021"
"112","HAM-014","HAM","14",8,NA,NA,43.28548,-79.8744,NA,NA,2021-11-09 19:00:00,NA,5,NA,NA,"VR2W",69,119675,NA,"code map not available (receiver currently deployed)",NA,NA,"No","HAMLO","No","2021"
"113","HAM-037","HAM","37",6,NA,NA,43.2789,-79.88599,NA,NA,2021-11-09 19:17:00,2022-11-14 18:40:00,4.9,NA,NA,"VR2W",69,119693,"MAP-114",NA,NA,NA,"No","HAMLO","No","2021"
"114","HAM-019","HAM","19",9,NA,NA,43.27811,-79.85158,NA,NA,2021-11-09 19:37:00,2022-11-14 19:52:00,18,NA,NA,"VR2W",69,127847,"MAP-114",NA,NA,NA,"No","HAMLO","No","2021"
"115","HAM-006","HAM","6",9,NA,NA,43.30664,-79.80837,NA,NA,2021-11-10 15:40:00,2022-11-17 16:27:00,8.2,NA,NA,"VR2W",69,127850,"MAP-113",NA,NA,NA,"No","HAMLO","No","2021"
"116","HAM-066","HAM","66",3,NA,NA,43.29282,-79.88101,NA,NA,2022-04-05 16:50:00,2022-09-28 19:43:00,0.6,NA,NA,"VR2W",69,127843,"MAP-115",NA,NA,NA,"Yes","HAMLO","No","2022"
"117","HAM-067","HAM","67",3,NA,NA,43.29409,-79.87926,NA,NA,2022-04-05 17:22:00,2022-09-28 20:09:00,0.8,NA,NA,"VR2W",69,137957,"MAP-115",NA,NA,NA,"No","HAMLO","No","2022"
"118","HAM-059","HAM","59",3,NA,NA,43.29484,-79.8759,NA,NA,2022-04-05 17:45:00,2022-09-28 20:15:00,0.8,NA,NA,"VR2W",69,137955,"MAP-115",NA,NA,NA,"Yes","HAMLO","No","2022"
"119","HAM-061","HAM","61",3,NA,NA,43.29002,-79.88233,NA,NA,2022-04-05 18:00:00,2022-09-28 18:35:00,0.8,NA,NA,"VR2W",69,137956,"MAP-115",NA,NA,NA,"Yes","HAMLO","No","2022"
"120","HAM-033","HAM","33",6,NA,NA,43.29208,-79.88394,NA,NA,2022-04-05 18:30:00,2022-09-28 18:20:00,0.8,NA,NA,"VR2W",69,127828,"MAP-115",NA,NA,NA,"No","HAMLO","No","2022"
"121","HAM-060","HAM","60",3,NA,NA,43.29026,-79.88512,NA,NA,2022-04-05 18:50:00,2022-09-28 18:49:00,0.7,NA,NA,"VR2W",69,127836,"MAP-115",NA,NA,NA,"Yes","HAMLO","No","2022"
"122","HAM-062","HAM","62",3,NA,NA,43.29034,-79.8864,NA,NA,2022-04-05 19:20:00,2022-11-03 15:00:00,0.8,NA,NA,"VR2W",69,127840,"MAP-115",NA,NA,NA,"No","HAMLO","No","2022"
"123","HAM-068","HAM","68",1,NA,NA,43.28967,-79.88531,NA,NA,2022-04-05 19:45:00,2022-09-28 18:45:00,0.7,NA,NA,"VR2W",69,137954,"MAP-115",NA,NA,NA,"Yes","HAMLO","No","2022"
"124","HAM-029","HAM","29",8,NA,NA,43.28936,-79.88731,NA,NA,2022-04-05 20:00:00,2022-09-28 18:57:00,1,NA,NA,"VR2W",69,132818,"MAP-115",NA,NA,NA,"No","HAMLO","No","2022"
"125","HAM-054","HAM","54",6,NA,NA,43.27472,-79.86203,NA,NA,2022-05-20 14:30:00,2023-06-20 16:55:00,NA,NA,NA,"VR2W",69,137958,"MAP-115",NA,NA,NA,"No","HAMLO","No","2022"
"126","HAM-057","HAM","57",6,NA,NA,43.275,-79.8607,NA,NA,2022-05-20 14:51:00,2023-06-20 17:20:00,NA,NA,NA,"VR2W",69,121990,"MAP-115",NA,NA,NA,"No","HAMLO","No","2022"
"127","HAM-056","HAM","56",6,NA,NA,43.27493,-79.86332,NA,NA,2022-05-20 15:15:00,2022-09-02 21:00:00,NA,NA,NA,"VR2W",69,121987,"MAP-115",NA,NA,NA,"No","HAMLO","No","2022"
"128","WLN-001","WLN","1",8,NA,NA,43.3306,-79.75633,NA,NA,2022-06-06 14:35:00,2023-06-30 13:59:00,18.3,1,NA,"VR2WAR",69,548264,"MAP-115",NA,"DFO",NA,"No","WLONA","No","2022"
"129","WLN-010","WLN","10",8,NA,NA,43.41613,-79.67136,NA,NA,2022-06-06 15:20:00,2023-06-30 14:44:00,18.2,1,NA,"VR2WAR",69,547992,"MAP-115",NA,"DFO",NA,"No","WLONA","No","2022"
"130","WLN-006","WLN","6",8,NA,NA,43.49064,-79.59042,NA,NA,2022-06-06 15:54:00,2023-06-30 15:20:00,18.7,1,NA,"VR2WAR",69,549098,"MAP-115",NA,"DFO",NA,"No","WLONA","No","2022"
"131","WLN-004","WLN","4",8,NA,NA,43.56569,-79.51855,NA,NA,2022-06-06 16:30:00,2023-06-30 15:56:00,19.4,1,NA,"VR2WAR",69,548242,"MAP-115",NA,"DFO",NA,"No","WLONA","No","2022"
"132","WLN-002","WLN","2",8,NA,NA,43.6192,-79.45171,NA,NA,2022-06-06 17:02:00,2023-06-30 17:14:00,17.9,1,NA,"VR2WAR",69,549102,"MAP-115",NA,"DFO",NA,"No","WLONA","No","2022"
"133","WLN-003","WLN","3",8,NA,NA,43.26948,-79.19328,NA,NA,2022-06-08 22:35:00,2023-06-29 18:29:00,19.2,1,NA,"VR2WAR",69,545560,"MAP-115",NA,"DFO",NA,"No","WLONA","No","2022"
"134","HAM-025","HAM","25",10,NA,NA,43.30969,-79.81158,NA,NA,2022-06-09 13:24:00,2023-07-11 12:47:00,6.1,NA,NA,"VR2AR",69,548706,"MAP-115",NA,NA,NA,"No","HAMLO","No","2022"
"135","HAM-017","HAM","17",10,NA,NA,43.29488,-79.82113,NA,NA,2022-06-09 13:37:00,2023-07-11 14:20:00,18.8,NA,NA,"VR2AR",69,548283,"MAP-115",NA,NA,NA,"No","HAMLO","No","2022"
"136","WLN-008","WLN","8",8,NA,NA,43.20914,-79.3198,NA,NA,2022-06-09 15:50:00,2023-05-05 17:00:00,19.5,1,NA,"VR2WAR",69,546852,"MAP-115",NA,"DFO",NA,"No","WLONA","No","2022"
"137","WLN-009","WLN","9",7,NA,NA,43.22352,-79.45905,NA,NA,2022-06-09 16:16:00,2023-06-29 20:09:00,21.5,1,NA,"VR2WAR",69,548269,"MAP-115",NA,"DFO",NA,"No","WLONA","No","2022"
"138","WLN-007","WLN","7",7,NA,NA,43.25367,-79.60337,NA,NA,2022-06-09 16:55:00,2023-07-12 20:37:00,18.7,1,NA,"VR2WAR",69,549097,"MAP-115",NA,"DFO",NA,"No","WLONA","No","2022"
"139","WLN-005","WLN","5",7,NA,NA,43.29595,-79.74334,NA,NA,2022-06-09 17:17:00,2023-06-30 19:16:00,19,1,NA,"VR2WAR",69,549115,"MAP-115",NA,"DFO",NA,"No","WLONA","No","2022"
"140","HAM-022","HAM","22",11,NA,NA,43.30235,-79.79037,NA,NA,2022-06-09 17:32:00,2023-08-14 19:44:00,6.6,NA,NA,"VR2AR",69,549116,"MAP-115",NA,NA,NA,"No","HAMLO","No","2022"
"141","HAM-003","HAM","3",10,NA,NA,43.29461,-79.80053,NA,NA,2022-06-09 17:49:00,2023-07-10 14:25:00,17.6,NA,NA,"VR2AR",69,549114,"MAP-115",NA,NA,NA,"No","HAMLO","No","2022"
"142","HAM-021","HAM","21",9,NA,NA,43.28578,-79.82647,NA,NA,2022-06-09 18:05:00,2023-07-10 15:02:00,18.6,NA,NA,"VR2AR",69,549107,"MAP-115",NA,NA,NA,"No","HAMLO","No","2022"
"143","HAM-039","HAM","39",8,NA,NA,43.28176,-79.85158,NA,NA,2022-06-09 18:31:00,2023-06-23 16:45:00,19.7,NA,NA,"VR2AR",69,547996,"MAP-115",NA,NA,NA,"No","HAMLO","No","2022"
"144","HAM-005","HAM","5",9,NA,NA,43.28133,-79.86433,NA,NA,2022-06-09 18:45:00,2023-07-10 15:28:00,15.3,NA,NA,"VR2AR",69,549109,"MAP-115",NA,NA,NA,"No","HAMLO","No","2022"
"145","HAM-023","HAM","23",11,NA,NA,43.28569,-79.86764,NA,NA,2022-06-09 18:58:00,2023-07-11 13:37:00,9.1,NA,NA,"VR2AR",69,547990,"MAP-115",NA,NA,NA,"No","HAMLO","No","2022"
"146","HAM-018","HAM","18",10,NA,NA,43.27267,-79.878,NA,NA,2022-06-09 19:12:00,2023-06-23 17:00:00,6.9,NA,NA,"VR2AR",69,548243,"MAP-115",NA,NA,NA,"No","HAMLO","No","2022"
"147","HAM-015","HAM","15",10,NA,NA,43.29365,-79.85536,NA,NA,2022-06-09 19:29:00,2023-07-11 13:20:00,7.8,NA,NA,"VR2AR",69,548257,"MAP-115",NA,NA,NA,"No","HAMLO","No","2022"
"148","HAM-010","HAM","10",6,NA,NA,43.26856,-79.7815,NA,NA,2022-06-15 13:30:00,2022-11-08 15:30:00,2,NA,NA,"VR2W",69,131523,"MAP-115",NA,NA,NA,"Yes","HAMLO","No","2022"
"149","WLN-030","WLN","30",4,NA,NA,43.65163,-79.2506,NA,NA,2022-06-28 17:00:00,2023-07-25 14:31:00,20.9,1,NA,"VR2WAR",69,548618,"MAP-115",NA,"DFO",NA,"No","WLONA","No","2022"
"150","WLN-031","WLN","31",4,NA,NA,43.70627,-79.19155,NA,NA,2022-06-28 17:56:00,2023-07-25 15:35:00,20.4,1,NA,"VR2WAR",69,546842,"MAP-115",NA,"DFO",NA,"No","WLONA","No","2022"
"151","WLN-032","WLN","32",4,NA,NA,43.76568,-79.10988,NA,NA,2022-06-28 18:18:00,2023-07-25 16:38:00,20.6,1,NA,"VR2WAR",69,548244,"MAP-115",NA,"DFO",NA,"No","WLONA","No","2022"
"152","WLN-033","WLN","33",4,NA,NA,43.78911,-79.02378,NA,NA,2022-06-28 18:38:00,2023-07-25 18:08:00,23.8,1,NA,"VR2WAR",69,548240,"MAP-115",NA,"DFO",NA,"No","WLONA","No","2022"
"153","WLN-034","WLN","34",4,NA,NA,43.8202,-78.93321,NA,NA,2022-06-28 19:36:00,2023-07-25 18:51:00,26.1,1,NA,"VR2WAR",69,548623,"MAP-115",NA,"DFO",NA,"No","WLONA","No","2022"
"154","WLN-036","WLN","36",4,NA,NA,43.8789,-78.6188,NA,NA,2022-06-29 23:14:00,2023-07-25 20:44:00,17.7,1,NA,"VR2WAR",69,548616,"MAP-115",NA,"DFO",NA,"No","WLONA","No","2022"
"155","WLN-039","WLN","39",4,NA,NA,43.78651,-78.67521,NA,NA,2022-06-30 19:50:00,2023-07-25 20:19:00,76.5,1,NA,"VR2WAR",69,547995,"MAP-115",NA,"DFO",NA,"No","WLONA","No","2022"
"156","WLN-035","WLN","35",4,NA,NA,43.85008,-78.80348,NA,NA,2022-06-30 20:17:00,2023-07-25 19:45:00,20.6,1,NA,"VR2WAR",69,548267,"MAP-115",NA,"DFO",NA,"No","WLONA","No","2022"
"157","WLN-038","WLN","38",4,NA,NA,43.77656,-78.83806,NA,NA,2022-06-30 20:47:00,2023-07-25 19:16:00,64.5,1,NA,"VR2WAR",69,548250,"MAP-115",NA,"DFO",NA,"No","WLONA","No","2022"
"158","WLN-037","WLN","37",4,NA,NA,43.74167,-78.97946,NA,NA,2022-06-30 22:55:00,2023-07-25 18:31:00,72,1,NA,"VR2WAR",69,546834,"MAP-115",NA,"DFO",NA,"No","WLONA","No","2022"
"159","HAM-027","HAM","27",9,NA,NA,43.27361,-79.87139,NA,NA,2022-07-07 18:35:00,2022-11-17 14:55:00,11.6,NA,NA,"VR2W",69,124715,"MAP-115",NA,NA,NA,"No","HAMLO","No","2022"
"160","HAM-036","HAM","36",11,NA,NA,43.27139,-79.8695,NA,NA,2022-08-03 01:13:00,2023-09-14 16:01:00,NA,NA,NA,"VR2W",69,131493,"MAP-114","error 1 initialization occurred between deploy and recover",NA,NA,"No","HAMLO","No","2022"
"161","HAM-058","HAM","58",6,NA,NA,43.31292,-79.8061,NA,NA,2022-09-01 15:25:00,2023-08-16 13:50:00,1.2,NA,NA,"VR2W",69,124717,"MAP-115",NA,NA,NA,"No","HAMLO","No","2022"
"162","HAM-045","HAM","45",6,NA,NA,43.3046,-79.80238,NA,NA,2022-09-01 15:45:00,2023-09-14 15:25:00,1.2,NA,NA,"VR2W",69,127829,"MAP-115",NA,NA,NA,"No","HAMLO","No","2022"
"163","HAM-011","HAM","11",8,NA,NA,43.2773,-79.8669,NA,NA,2022-09-07 17:27:00,2023-09-14 16:58:00,12.6,NA,NA,"VR2W",69,119711,"MAP-115","error 1 initialization occurred between deploy and recover",NA,NA,"No","HAMLO","No","2022"
"164","HAM-053","HAM","53",8,NA,NA,43.2759,-79.86333,NA,NA,2022-09-08 19:10:00,2023-09-14 18:19:00,6.3,NA,NA,"VR2W",69,133111,"MAP-115",NA,NA,NA,"No","HAMLO","No","2022"
"165","HAM-052","HAM","52",9,NA,NA,43.27438,-79.86617,NA,NA,2022-09-09 17:31:00,2023-09-14 17:44:00,2.4,NA,NA,"VR2W",69,127837,"MAP-115",NA,NA,NA,"No","HAMLO","No","2022"
"166","HAM-055","HAM","55",8,NA,NA,43.27455,-79.8649,NA,NA,2022-09-09 17:57:00,2023-09-14 18:53:00,3.5,NA,NA,"VR2W",69,119690,"MAP-115",NA,NA,NA,"No","HAMLO","No","2022"
"167","HAM-051","HAM","51",7,NA,NA,43.26976,-79.87317,NA,NA,2022-09-09 18:16:00,2023-09-14 16:33:00,3.2,NA,NA,"VR2W",69,121991,"MAP-115",NA,NA,NA,"No","HAMLO","No","2022"
"168","HAM-013","HAM","13",10,NA,NA,43.29691,-79.80157,NA,NA,2022-09-13 16:31:00,2023-08-22 18:55:00,10,NA,NA,"VR2W",69,119681,"MAP-115",NA,NA,NA,"No","HAMLO","No","2022"
"169","HAM-043","HAM","43",7,NA,NA,43.27957,-79.8915,NA,NA,2022-09-15 16:38:00,2023-08-16 19:06:00,2,NA,NA,"VR2W",69,121999,"MAP-115","error 1 initialization occurred between deploy and recover",NA,NA,"No","HAMLO","No","2022"
"170","HAM-048","HAM","48",7,NA,NA,43.27311,-79.88506,NA,NA,2022-09-15 17:08:00,2023-08-16 19:59:00,2.5,NA,NA,"VR2W",69,132820,"MAP-115",NA,NA,NA,"No","HAMLO","No","2022"
"171","HAM-041","HAM","41",9,NA,NA,43.2767,-79.83893,NA,NA,2022-09-15 17:28:00,2023-08-16 15:50:00,NA,NA,NA,"VR2W",69,133001,"MAP-115",NA,NA,NA,"No","HAMLO","No","2022"
"172","HAM-009","HAM","9",12,NA,NA,43.28036,-79.80383,NA,NA,2022-09-15 17:57:00,2023-08-16 14:57:00,13,NA,NA,"VR2W",69,127827,"MAP-115",NA,NA,NA,"No","HAMLO","No","2022"
"173","HAM-034","HAM","34",11,NA,NA,43.27142,-79.80812,NA,NA,2022-09-15 18:13:00,2023-08-16 15:25:00,1.6,NA,NA,"VR2W",69,121993,"MAP-115",NA,NA,NA,"No","HAMLO","No","2022"
"174","HAM-046","HAM","46",8,NA,NA,43.30771,-79.82588,NA,NA,2022-09-15 18:34:00,2023-08-16 14:20:00,2,NA,NA,"VR2W",69,132997,"MAP-115",NA,NA,NA,"No","HAMLO","No","2022"
"175","HAM-047","HAM","47",7,NA,NA,43.30267,-79.83991,NA,NA,2022-09-15 18:47:00,2023-08-16 14:20:00,1.5,NA,NA,"VR2W",69,121988,"MAP-115",NA,NA,NA,"No","HAMLO","No","2022"
"176","HAM-012","HAM","12",11,NA,NA,43.30048,-79.80591,NA,NA,2022-09-15 19:10:00,2023-08-22 18:30:00,8,NA,NA,"VR2W",69,131525,"MAP-115",NA,NA,NA,"No","HAMLO","No","2022"
"177","HAM-032","HAM","32",10,NA,NA,43.27973,-79.89346,NA,NA,2022-09-28 14:00:00,2023-10-06 17:20:00,1.9,NA,NA,"VR2W",69,127839,"MAP-115","error 1 initialization occurred between deploy and recover",NA,NA,"No","HAMLO","No","2022"
"178","HAM-033","HAM","33",7,NA,NA,43.29208,-79.88394,NA,NA,2022-09-28 18:20:00,2023-04-04 18:40:00,0.8,NA,NA,"VR2W",69,127828,"MAP-115",NA,NA,NA,"No","HAMLO","No","2022"
"179","HAM-029","HAM","29",9,NA,NA,43.28936,-79.88731,NA,NA,2022-09-28 18:57:00,2023-04-04 18:22:00,1,NA,NA,"VR2W",69,132818,"MAP-115",NA,NA,NA,"No","HAMLO","No","2022"
"180","HAM-067","HAM","67",4,NA,NA,43.29409,-79.87926,NA,NA,2022-09-28 20:09:00,2023-04-04 20:02:00,0.8,NA,NA,"VR2W",69,137957,"MAP-115",NA,NA,NA,"No","HAMLO","No","2022"
"181","HAM-035","HAM","35",7,NA,NA,43.26228,-79.77238,NA,NA,2022-10-18 14:59:00,2023-10-06 19:35:00,2,NA,NA,"VR2W",69,131522,"MAP-115","error 1 initialization occurred between deploy and recover",NA,NA,"No","HAMLO","No","2022"
"182","HAM-030","HAM","30",9,NA,NA,43.27192,-79.92519,NA,NA,2022-10-18 16:13:00,2023-10-06 18:20:00,NA,NA,NA,"VR2W",69,132999,"MAP-115",NA,NA,NA,"No","HAMLO","No","2022"
"183","HAM-077","HAM","77",1,NA,NA,43.28064,-79.8693,NA,NA,2022-11-03 16:03:00,2023-07-10 15:42:00,NA,NA,NA,"VR2AR",69,548254,"MAP-115",NA,NA,NA,"No","HAMLO","No","2022"
"184","HAM-076","HAM","76",1,NA,NA,43.28368,-79.87139,NA,NA,2022-11-03 16:09:00,2023-07-10 16:49:00,NA,NA,NA,"VR2AR",69,548251,"MAP-115",NA,NA,NA,"No","HAMLO","No","2022"
"185","HAM-075","HAM","75",1,NA,NA,43.28577,-79.8707,NA,NA,2022-11-03 16:20:00,2023-07-10 17:00:00,NA,NA,NA,"VR2AR",69,548265,"MAP-115",NA,NA,NA,"No","HAMLO","No","2022"
"186","HAM-074","HAM","74",1,NA,NA,43.28268,-79.87783,NA,NA,2022-11-03 16:27:00,2023-07-10 16:37:00,NA,NA,NA,"VR2AR",69,548253,"MAP-115",NA,NA,NA,"No","HAMLO","No","2022"
"187","HAM-073","HAM","73",1,NA,NA,43.28003,-79.88284,NA,NA,2022-11-03 16:33:00,2023-07-10 16:25:00,NA,NA,NA,"VR2AR",69,548241,"MAP-115",NA,NA,NA,"No","HAMLO","No","2022"
"188","HAM-072","HAM","72",1,NA,NA,43.27815,-79.88745,NA,NA,2022-11-03 16:37:00,2023-07-10 16:13:00,NA,NA,NA,"VR2AR",69,548262,"MAP-115",NA,NA,NA,"No","HAMLO","No","2022"
"189","HAM-079","HAM","79",1,NA,NA,43.27475,-79.88547,NA,NA,2022-11-03 16:41:00,2023-06-23 17:36:00,NA,NA,NA,"VR2AR",69,548255,"MAP-115",NA,NA,NA,"No","HAMLO","No","2022"
"190","HAM-078","HAM","78",1,NA,NA,43.27774,-79.87807,NA,NA,2022-11-03 16:57:00,2023-07-10 15:56:00,NA,NA,NA,"VR2AR",69,548276,"MAP-115",NA,NA,NA,"No","HAMLO","No","2022"
"191","HAM-037","HAM","37",7,NA,NA,43.2789,-79.88599,NA,NA,2022-11-23 16:15:00,2023-12-01 15:30:00,4.9,NA,NA,"VR2W",69,119693,"MAP-115",NA,NA,NA,"No","HAMLO","No","2022"
"192","HAM-028","HAM","28",10,NA,NA,43.27556,-79.88082,NA,NA,2022-11-29 15:30:00,2023-12-01 15:00:00,8,NA,NA,"VR2W",69,126878,"MAP-115",NA,NA,NA,"No","HAMLO","No","2022"
"193","HAM-007","HAM","7",10,NA,NA,43.30139,-79.83917,NA,NA,2022-11-29 16:35:00,2023-12-01 16:00:00,9,NA,NA,"VR2W",69,126879,"MAP-115",NA,NA,NA,"No","HAMLO","No","2022"
"194","HAM-004","HAM","4",9,NA,NA,43.28639,-79.84778,NA,NA,2022-11-29 19:30:00,2023-11-24 16:10:00,23,NA,NA,"VR2W",69,131524,"MAP-115",NA,NA,NA,"No","HAMLO","No","2022"
"195","HAM-002","HAM","2",10,NA,NA,43.2869,-79.79491,NA,NA,2022-12-02 15:05:00,2023-11-20 19:20:00,22.4,NA,NA,"VR2W",69,127833,"MAP-115",NA,NA,NA,"No","HAMLO","No","2022"
"196","HAM-001","HAM","1",10,NA,NA,43.30537,-79.82082,NA,NA,2022-12-07 14:40:00,2023-11-23 18:30:00,11,NA,NA,"VR2W",69,127832,"MAP-115",NA,NA,NA,"No","HAMLO","No","2022"
"197","HAM-027","HAM","27",10,NA,NA,43.27924,-79.87457,NA,NA,2022-12-07 15:20:00,2023-11-24 15:00:00,10,NA,NA,"VR2W",69,124715,"MAP-115",NA,NA,NA,"No","HAMLO","No","2022"
"198","HAM-061","HAM","61",4,NA,NA,43.29015,-79.88239,NA,NA,2023-04-04 17:55:00,2023-11-23 05:00:00,NA,NA,NA,"VR2W",69,137954,"Generation 2",NA,NA,NA,"Yes","HAMLO","No","2023"
"199","HAM-068","HAM","68",2,NA,NA,43.28968,-79.88512,NA,NA,2023-04-04 18:01:00,2023-11-21 19:30:00,NA,NA,NA,"VR2W",69,119662,"MAP-115",NA,NA,NA,"Yes","HAMLO","No","2023"
"200","HAM-029","HAM","29",10,NA,NA,43.28936,-79.88731,NA,NA,2023-04-04 18:22:00,2023-12-20 18:20:00,1,NA,NA,"VR2W",69,132818,"MAP-115",NA,NA,NA,"No","HAMLO","No","2023"
"201","HAM-033","HAM","33",8,NA,NA,43.29215,-79.88395,NA,NA,2023-04-04 18:40:00,2023-12-20 18:50:00,NA,NA,NA,"VR2W-Tx",69,487629,"Generation 2 Generation-2",NA,NA,NA,"No","HAMLO","No","2023"
"202","HAM-060","HAM","60",4,NA,NA,43.29029,-79.88518,NA,NA,2023-04-04 19:11:00,2023-11-21 18:30:00,NA,NA,NA,"VR2W-Tx",69,481721,"Generation 2",NA,NA,NA,"Yes","HAMLO","No","2023"
"203","HAM-062","HAM","62",4,NA,NA,43.29041,-79.88652,NA,NA,2023-04-04 19:15:00,2023-11-22 05:00:00,NA,NA,NA,"VR2W",69,127847,"MAP-115",NA,NA,NA,"Yes","HAMLO","No","2023"
"204","HAM-066","HAM","66",4,NA,NA,43.29282,-79.88101,NA,NA,2023-04-04 19:35:00,2023-12-01 05:00:00,NA,NA,NA,"VR2W",69,133002,"MAP-115",NA,NA,NA,"Yes","HAMLO","No","2023"
"205","HAM-067","HAM","67",5,NA,NA,43.29409,-79.87926,NA,NA,2023-04-04 20:02:00,2023-11-21 19:20:00,NA,NA,NA,"VR2W",69,137957,"MAP-115",NA,NA,NA,"Yes","HAMLO","No","2023"
"206","HAM-059","HAM","59",4,NA,NA,43.29481,-79.87588,NA,NA,2023-04-04 20:45:00,2023-11-16 05:00:00,NA,NA,NA,"VR2W",69,127843,"MAP-115",NA,NA,NA,"Yes","HAMLO","No","2023"
"207","WLN-014","WLN","14",7,NA,NA,43.24452,-79.21571,NA,NA,2023-04-06 16:00:00,2024-12-10 17:00:00,NA,NA,NA,"VR2W",69,127863,NA,NA,"DFO",NA,"No","WLONA","No","2023"
"208","HAM-044","HAM","44",6,NA,NA,43.27597,-79.90658,NA,NA,2023-04-28 15:50:00,2023-10-05 17:14:00,0.96,NA,NA,"VR2W",69,127840,"MAP-115",NA,NA,NA,"Yes","HAMLO","No","2023"
"209","HAM-042","HAM","42",7,NA,NA,43.26864,-79.93536,NA,NA,2023-04-28 16:13:00,2024-03-27 14:30:00,1.56,NA,NA,"VR2W",69,127850,"MAP-115",NA,NA,NA,"No","HAMLO","No","2023"
"210","HAM-056","HAM","56",7,NA,NA,43.27493,-79.86332,NA,NA,2023-06-20 16:50:00,2024-07-31 15:40:00,NA,NA,NA,"VR2W",69,121987,"MAP-115","error 1 initialization occurred between deploy and recover",NA,NA,"No","HAMLO","No","2023"
"211","HAM-054","HAM","54",7,NA,NA,43.27472,-79.86203,NA,NA,2023-06-20 17:15:00,2024-07-31 15:50:00,NA,NA,NA,"VR2W",69,137958,"Generation-2",NA,NA,NA,"No","HAMLO","No","2023"
"212","HAM-057","HAM","57",7,NA,NA,43.275,-79.8607,NA,NA,2023-06-20 17:45:00,2024-07-31 15:15:00,NA,NA,NA,"VR2W",69,121990,"MAP-115",NA,NA,NA,"No","HAMLO","No","2023"
"213","HAM-079","HAM","79",2,NA,NA,43.27447,-79.88546,NA,NA,2023-06-23 18:08:00,2024-06-26 13:02:00,4.8,NA,NA,"VR2AR",69,547996,"Generation-2",NA,NA,NA,"No","HAMLO","No","2023"
"214","WLN-003","WLN","3",9,NA,NA,43.2512,-79.23352,NA,NA,2023-06-29 18:56:00,2024-06-12 17:47:00,16,NA,NA,"VR2WAR",69,546841,"Generation 2",NA,"DFO",NA,"No","WLONA","No","2023"
"215","WLN-043","WLN","43",1,NA,NA,43.22091,-79.32706,NA,NA,2023-06-29 19:14:00,2024-06-12 17:25:00,24.5,NA,NA,"VR2WAR",69,552911,"Generation 2",NA,"DFO",NA,"No","WLONA","No","2023"
"216","WLN-042","WLN","42",1,NA,NA,43.19625,-79.31195,NA,NA,2023-06-29 19:51:00,2024-06-12 16:45:00,9.9,NA,NA,"VR2WAR",69,552900,"Generation 2",NA,"DFO",NA,"No","WLONA","No","2023"
"217","WLN-009","WLN","9",8,NA,NA,43.22352,-79.45905,NA,NA,2023-06-29 20:17:00,2024-06-12 16:15:00,16.8,NA,NA,"VR2WAR",69,549105,"Generation 2",NA,"DFO",NA,"No","WLONA","No","2023"
"218","WLN-001","WLN","1",9,NA,NA,43.3306,-79.75633,NA,NA,2023-06-30 14:19:00,2024-06-26 18:05:00,17.4,NA,NA,"VR2WAR",69,545560,"Generation 2",NA,"DFO",NA,"No","WLONA","No","2023"
"219","WLN-010","WLN","10",9,NA,NA,43.4168,-79.6725,NA,NA,2023-06-30 14:57:00,2024-06-26 16:30:00,16.1,NA,NA,"VR2WAR",69,548269,"Generation 2",NA,"DFO",NA,"No","WLONA","No","2023"
"220","WLN-006","WLN","6",9,NA,NA,43.49064,-79.59042,NA,NA,2023-06-30 15:30:00,2024-06-26 17:18:00,17.2,NA,NA,"VR2WAR",69,548264,"Generation 2",NA,"DFO",NA,"No","WLONA","No","2023"
"221","WLN-004","WLN","4",9,NA,NA,43.56569,-79.51855,NA,NA,2023-06-30 16:10:00,2024-06-27 17:53:00,18.4,NA,NA,"VR2WAR",69,547992,"Generation 2",NA,"DFO",NA,"No","WLONA","No","2023"
"222","WLN-046","WLN","46",1,NA,NA,43.57477,-79.53271,NA,NA,2023-06-30 16:25:00,2024-06-27 17:36:00,7.2,NA,NA,"VR2WAR",69,552917,"Generation 2",NA,"DFO",NA,"No","WLONA","No","2023"
"223","WLN-047","WLN","47",1,NA,NA,43.55763,-79.50498,NA,NA,2023-06-30 16:55:00,2024-06-27 18:04:00,28.8,NA,NA,"VR2WAR",69,552897,"Generation 2",NA,"DFO",NA,"No","WLONA","No","2023"
"224","WLN-002","WLN","2",9,NA,NA,43.6192,-79.45171,NA,NA,2023-06-30 17:30:00,NA,17.2,NA,NA,"VR2WAR",69,542098,NA,"code map not available (receiver currently deployed)","DFO",NA,"No","WLONA","No","2023"
"225","WLN-005","WLN","5",8,NA,NA,43.29595,-79.74334,NA,NA,2023-06-30 19:28:00,2024-06-26 18:26:00,17.7,NA,NA,"VR2WAR",69,545549,"Generation 2",NA,"DFO",NA,"No","WLONA","No","2023"
"226","HAM-003","HAM","3",11,NA,NA,43.29504,-79.79685,NA,NA,2023-07-10 14:44:00,2024-06-13 13:00:00,2.2,NA,NA,"VR2AR",69,547993,"Generation-2",NA,NA,NA,"No","HAMLO","No","2023"
"227","HAM-021","HAM","21",10,NA,NA,43.28578,-79.82647,NA,NA,2023-07-10 15:10:00,2024-06-13 14:00:00,16.9,NA,NA,"VR2AR",69,549115,"Generation-2",NA,NA,NA,"No","HAMLO","No","2023"
"228","HAM-085","HAM","85",1,NA,NA,43.27843,-79.8619,NA,NA,2023-07-10 15:23:00,2024-06-13 16:00:00,10,NA,NA,"VR2AR",69,552977,"Generation-2",NA,NA,NA,"No","HAMLO","No","2023"
"229","HAM-005","HAM","5",10,NA,NA,43.28102,-79.86579,NA,NA,2023-07-10 15:35:00,2024-06-13 15:03:00,13.6,NA,NA,"VR2AR",69,549114,"Generation-2",NA,NA,NA,"No","HAMLO","No","2023"
"230","HAM-077","HAM","77",2,NA,NA,43.28064,-79.8693,NA,NA,2023-07-10 15:45:00,2024-06-13 16:27:00,13,NA,NA,"VR2AR",69,549107,"Generation-2",NA,NA,NA,"No","HAMLO","No","2023"
"231","HAM-078","HAM","78",2,NA,NA,43.27774,-79.87807,NA,NA,2023-07-10 16:05:00,2024-06-26 14:38:00,10.1,NA,NA,"VR2AR",69,549109,"Generation-2",NA,NA,NA,"No","HAMLO","No","2023"
"232","HAM-072","HAM","72",2,NA,NA,43.27815,-79.88745,NA,NA,2023-07-10 16:18:00,2024-06-13 17:30:00,4.3,NA,NA,"VR2AR",69,548254,"Generation-2",NA,NA,NA,"No","HAMLO","No","2023"
"233","HAM-073","HAM","73",2,NA,NA,43.28003,-79.88284,NA,NA,2023-07-10 16:30:00,2024-06-13 17:20:00,6,NA,NA,"VR2AR",69,548276,"Generation-2",NA,NA,NA,"No","HAMLO","No","2023"
"234","HAM-074","HAM","74",2,NA,NA,43.28268,-79.87783,NA,NA,2023-07-10 16:42:00,2024-06-13 17:09:00,9.4,NA,NA,"VR2AR",69,548262,"Generation-2",NA,NA,NA,"No","HAMLO","No","2023"
"235","HAM-076","HAM","76",2,NA,NA,43.28368,-79.87139,NA,NA,2023-07-10 16:54:00,2024-06-13 16:40:00,12.8,NA,NA,"VR2AR",69,548241,"Generation-2",NA,NA,NA,"No","HAMLO","No","2023"
"236","HAM-075","HAM","75",2,NA,NA,43.28577,-79.8707,NA,NA,2023-07-10 17:03:00,2024-06-27 19:33:00,4.4,NA,NA,"VR2AR",69,548253,"Generation-2",NA,NA,NA,"No","HAMLO","No","2023"
"237","HAM-025","HAM","25",11,NA,NA,43.30969,-79.81158,NA,NA,2023-07-11 12:51:00,2024-06-12 13:49:00,5,NA,NA,"VR2AR",69,548251,"Generation-2",NA,NA,NA,"No","HAMLO","No","2023"
"238","HAM-015","HAM","15",11,NA,NA,43.29365,-79.85536,NA,NA,2023-07-11 13:22:00,2024-06-13 14:25:00,6.6,NA,NA,"VR2AR",69,548265,"Generation-2",NA,NA,NA,"No","HAMLO","No","2023"
"239","HAM-023","HAM","23",12,NA,NA,43.28569,-79.86764,NA,NA,2023-07-11 13:46:00,2024-06-13 14:45:00,10.2,NA,NA,"VR2AR",69,548282,"Generation-2",NA,NA,NA,"No","HAMLO","No","2023"
"240","HAM-017","HAM","17",11,NA,NA,43.29468,-79.8297,NA,NA,2023-07-11 14:30:00,2024-06-13 14:17:00,19.5,NA,NA,"VR2AR",69,548706,"Generation-2",NA,NA,NA,"No","HAMLO","No","2023"
"241","HAM-081","HAM","81",1,NA,NA,43.2712,-79.87804,NA,NA,2023-07-11 14:50:00,2024-06-26 13:20:00,3.3,NA,NA,"VR2AR",69,552979,"Generation-2",NA,NA,NA,"No","HAMLO","No","2023"
"242","HAM-082","HAM","82",1,NA,NA,43.27184,-79.87547,NA,NA,2023-07-11 14:53:00,2024-06-26 13:40:00,4.7,NA,NA,"VR2AR",69,552971,"Generation-2",NA,NA,NA,"No","HAMLO","No","2023"
"243","WLN-045","WLN","45",1,NA,NA,43.40217,-79.64235,NA,NA,2023-07-12 13:29:00,2024-06-26 15:50:00,50.4,NA,NA,"VR2WAR",69,548257,"Generation 2",NA,"DFO",NA,"No","WLONA","No","2023"
"244","WLN-044","WLN","44",1,NA,NA,43.40981,-79.65786,NA,NA,2023-07-12 13:42:00,2024-06-26 16:12:00,34,NA,NA,"VR2WAR",69,552890,"Generation 2",NA,"DFO",NA,"No","WLONA","No","2023"
"245","WLN-007","WLN","7",8,NA,NA,43.25787,-79.60037,NA,NA,2023-07-12 20:45:00,2024-06-12 15:45:00,20.7,NA,NA,"VR2WAR",69,548266,"Generation 2",NA,"DFO",NA,"No","WLONA","No","2023"
"246","WLN-041","WLN","41",1,NA,NA,43.24592,-79.6076,NA,NA,2023-07-12 20:56:00,2024-06-12 15:15:00,14.7,NA,NA,"VR2WAR",69,552899,"Generation 2",NA,"DFO",NA,"No","WLONA","No","2023"
"247","WLN-040","WLN","40",1,NA,NA,43.23339,-79.61483,NA,NA,2023-07-12 21:05:00,2024-06-12 14:51:00,9.5,NA,NA,"VR2WAR",69,552910,"Generation 2",NA,"DFO",NA,"No","WLONA","No","2023"
"248","WLN-030","WLN","30",5,NA,NA,43.65163,-79.2506,NA,NA,2023-07-25 14:34:00,2024-06-26 14:15:00,19.6,NA,NA,"VR2WAR",69,546213,"Generation 2",NA,"DFO",NA,"No","WLONA","No","2023"
"249","WLN-049","WLN","49",1,NA,NA,43.70014,-79.18003,NA,NA,2023-07-25 15:25:00,2024-06-17 15:10:00,26.7,NA,NA,"VR2WAR",69,552907,"Generation 2",NA,"DFO",NA,"No","WLONA","No","2023"
"250","WLN-031","WLN","31",5,NA,NA,43.70823,-79.1947,NA,NA,2023-07-25 15:41:00,2024-06-17 15:30:00,17,NA,NA,"VR2WAR",69,548284,"Generation 2",NA,"DFO",NA,"No","WLONA","No","2023"
"251","WLN-048","WLN","48",1,NA,NA,43.71632,-79.20903,NA,NA,2023-07-25 15:52:00,2024-06-17 15:45:00,11.1,NA,NA,"VR2WAR",69,552894,"Generation 2",NA,"DFO",NA,"No","WLONA","No","2023"
"252","WLN-032","WLN","32",5,NA,NA,43.76568,-79.10988,NA,NA,2023-07-25 16:43:00,2024-06-17 16:35:00,19,NA,NA,"VR2WAR",69,547997,"Generation 2",NA,"DFO",NA,"No","WLONA","No","2023"
"253","WLN-033","WLN","33",5,NA,NA,43.78019,-79.02961,NA,NA,2023-07-25 18:18:00,2024-06-17 17:00:00,28.1,NA,NA,"VR2WAR",69,545555,"Generation 2",NA,"DFO",NA,"No","WLONA","No","2023"
"254","WLN-037","WLN","37",5,NA,NA,43.74167,-78.97946,NA,NA,2023-07-25 18:35:00,2024-06-17 18:10:00,69.9,NA,NA,"VR2WAR",69,548240,"Generation 2",NA,"DFO",NA,"No","WLONA","No","2023"
"255","WLN-034","WLN","34",5,NA,NA,43.8202,-78.93321,NA,NA,2023-07-25 18:56:00,2024-06-17 18:45:00,24.6,NA,NA,"VR2WAR",69,546834,"Generation 2",NA,"DFO",NA,"No","WLONA","No","2023"
"256","WLN-038","WLN","38",5,NA,NA,43.77656,-78.83806,NA,NA,2023-07-25 19:20:00,NA,63.5,NA,NA,"VR2WAR",69,548623,NA,"code map not available (receiver currently deployed)","DFO",NA,"No","WLONA","No","2023"
"257","WLN-050","WLN","50",1,NA,NA,43.83455,-78.79845,NA,NA,2023-07-25 19:35:00,2024-06-17 20:00:00,26.5,NA,NA,"VR2WAR",69,552896,"Generation 2",NA,"DFO",NA,"No","WLONA","No","2023"
"258","WLN-035","WLN","35",5,NA,NA,43.84834,-78.80354,NA,NA,2023-07-25 19:49:00,2024-06-17 20:23:00,21.1,NA,NA,"VR2WAR",69,548250,"Generation 2",NA,"DFO",NA,"No","WLONA","No","2023"
"259","WLN-051","WLN","51",1,NA,NA,43.86043,-78.80888,NA,NA,2023-07-25 20:00:00,2024-06-17 20:41:00,10.2,NA,NA,"VR2WAR",69,552893,"Generation 2",NA,"DFO",NA,"No","WLONA","No","2023"
"260","WLN-039","WLN","39",5,NA,NA,43.78651,-78.67521,NA,NA,2023-07-25 20:25:00,2024-06-19 17:32:00,75.2,NA,NA,"VR2WAR",69,548267,"Generation 2",NA,"DFO",NA,"No","WLONA","No","2023"
"261","WLN-036","WLN","36",5,NA,NA,43.8789,-78.6188,NA,NA,2023-07-25 20:51:00,2024-06-19 17:12:00,16.7,NA,NA,"VR2WAR",69,547995,"Generation 2",NA,"DFO",NA,"No","WLONA","No","2023"
"262","WLN-052","WLN","52",1,NA,NA,43.89555,-78.45502,NA,NA,2023-07-25 21:17:00,2024-06-19 16:14:00,9.8,NA,NA,"VR2WAR",69,552901,"Generation 2",NA,"DFO",NA,"No","WLONA","No","2023"
"263","WLN-053","WLN","53",1,NA,NA,43.86946,-78.44372,NA,NA,2023-07-25 21:41:00,2024-06-18 22:31:00,40.3,NA,NA,"VR2WAR",69,552892,"Generation 2 Generation-2",NA,"DFO",NA,"No","WLONA","No","2023"
"264","HAM-022","HAM","22",12,NA,NA,43.30235,-79.79037,NA,NA,2023-08-14 19:52:00,2024-06-26 18:50:00,5.6,NA,NA,"VR2AR",69,548631,"Generation-2",NA,NA,NA,"No","HAMLO","No","2023"
"265","HAM-058","HAM","58",7,NA,NA,43.31292,-79.8061,NA,NA,2023-08-16 13:50:00,2024-08-08 19:15:00,NA,NA,NA,"VR2W",69,124717,"MAP-115",NA,NA,NA,"No","HAMLO","No","2023"
"266","HAM-046","HAM","46",9,NA,NA,43.30771,-79.82588,NA,NA,2023-08-16 14:20:00,2024-08-23 16:30:00,NA,NA,NA,"VR2W",69,132997,"MAP-115",NA,NA,NA,"No","HAMLO","No","2023"
"267","HAM-034","HAM","34",12,NA,NA,43.27142,-79.80812,NA,NA,2023-08-16 15:25:00,2024-08-08 15:20:00,NA,NA,NA,"VR2W",69,121993,"MAP-115",NA,NA,NA,"No","HAMLO","No","2023"
"268","HAM-041","HAM","41",10,NA,NA,43.2767,-79.83893,NA,NA,2023-08-16 15:50:00,2024-08-23 15:30:00,NA,NA,NA,"VR2W",69,133001,"MAP-115",NA,NA,NA,"No","HAMLO","No","2023"
"269","HAM-047","HAM","47",8,NA,NA,43.30267,-79.83991,NA,NA,2023-08-16 17:27:00,2024-08-23 16:11:00,NA,NA,NA,"VR2W",69,121988,"MAP-115",NA,NA,NA,"No","HAMLO","No","2023"
"270","HAM-063","HAM","63",6,NA,NA,43.2822,-79.88451,NA,NA,2023-08-16 18:18:00,2024-08-23 14:26:00,NA,NA,NA,"VR2W",69,127827,"MAP-115","error 1 initialization occurred between deploy and recover",NA,NA,"No","HAMLO","No","2023"
"271","HAM-043","HAM","43",8,NA,NA,43.27957,-79.8915,NA,NA,2023-08-16 19:06:00,2024-08-27 14:51:00,NA,NA,NA,"VR2W",69,121999,"MAP-115",NA,NA,NA,"No","HAMLO","No","2023"
"272","HAM-071","HAM","71",1,NA,NA,43.28121,-79.88821,NA,NA,2023-08-16 19:28:00,2024-06-13 17:57:00,NA,NA,NA,"VR2AR",69,549116,"Generation-2",NA,NA,NA,"No","HAMLO","No","2023"
"273","HAM-070","HAM","70",1,NA,NA,43.28605,-79.88826,NA,NA,2023-08-16 19:38:00,2024-08-23 15:07:00,NA,NA,NA,"VR2W",69,481800,"Generation-2",NA,NA,NA,"Yes","HAMLO","No","2023"
"274","HAM-013","HAM","13",11,NA,NA,43.29691,-79.80157,NA,NA,2023-08-22 19:30:00,2024-08-08 16:23:00,NA,NA,NA,"VR2W",69,131525,"MAP-115",NA,NA,NA,"No","HAMLO","No","2023"
"275","WLN-008","WLN","8",9,NA,NA,43.20885,-79.31941,NA,NA,2023-08-23 14:55:00,2024-06-12 17:05:00,18.4,NA,NA,"VR2WAR",69,552898,"Generation 2",NA,"DFO",NA,"No","WLONA","No","2023"
"276","HAM-084","HAM","84",1,NA,NA,43.27551,-79.87173,NA,NA,2023-09-14 15:53:00,2024-06-26 14:14:00,NA,NA,NA,"VR2AR",69,548274,"Generation-2",NA,NA,NA,"No","HAMLO","No","2023"
"277","HAM-083","HAM","83",1,NA,NA,43.27432,-79.87759,NA,NA,2023-09-14 15:56:00,2024-06-27 20:00:00,NA,NA,NA,"VR2AR",69,552974,"Generation-2",NA,NA,NA,"No","HAMLO","No","2023"
"278","HAM-036","HAM","36",12,NA,NA,43.27139,-79.8695,NA,NA,2023-09-14 16:22:00,2024-09-03 19:05:00,NA,NA,NA,"VR2W",69,131493,"MAP-114",NA,NA,NA,"No","HAMLO","No","2023"
"279","HAM-051","HAM","51",8,NA,NA,43.26976,-79.87317,NA,NA,2023-09-14 16:50:00,2024-07-31 17:20:00,NA,NA,NA,"VR2W",69,121991,"MAP-115",NA,NA,NA,"No","HAMLO","No","2023"
"280","HAM-011","HAM","11",9,NA,NA,43.2773,-79.8669,NA,NA,2023-09-14 17:32:00,2024-07-31 13:55:00,NA,NA,NA,"VR2W",69,119711,"MAP-115",NA,NA,NA,"No","HAMLO","No","2023"
"281","HAM-052","HAM","52",10,NA,NA,43.27438,-79.86617,NA,NA,2023-09-14 18:09:00,2024-07-31 16:10:00,NA,NA,NA,"VR2W",69,127837,"MAP-115",NA,NA,NA,"No","HAMLO","No","2023"
"282","HAM-053","HAM","53",9,NA,NA,43.2759,-79.86333,NA,NA,2023-09-14 18:45:00,2024-07-31 14:45:00,NA,NA,NA,"VR2W",69,133111,"MAP-115",NA,NA,NA,"No","HAMLO","No","2023"
"283","HAM-055","HAM","55",9,NA,NA,43.27455,-79.8649,NA,NA,2023-09-14 19:13:00,2024-07-31 16:00:00,NA,NA,NA,"VR2W",69,119690,"MAP-115",NA,NA,NA,"No","HAMLO","No","2023"
"284","WLN-054","WLN","54",1,NA,NA,43.63216,-79.3182,NA,NA,2023-09-20 15:03:00,2024-06-27 15:10:00,10.7,NA,NA,"VR2WAR",69,552972,"Generation 2",NA,"DFO",NA,"No","WLONA","No","2023"
"285","HAM-032","HAM","32",11,NA,NA,43.27973,-79.89346,NA,NA,2023-10-06 17:25:00,2024-10-31 12:52:00,NA,NA,NA,"VR2W",69,131523,"MAP-115",NA,NA,NA,"No","HAMLO","No","2023"
"286","HAM-030","HAM","30",10,NA,NA,43.27192,-79.92519,NA,NA,2023-10-06 18:25:00,2024-10-31 14:30:00,NA,NA,NA,"VR2W",69,127828,"MAP-115",NA,NA,NA,"No","HAMLO","No","2023"
"287","HAM-035","HAM","35",8,NA,NA,43.26228,-79.77238,NA,NA,2023-10-06 19:35:00,2024-09-03 18:30:00,NA,NA,NA,"VR2W",69,137956,"Generation-2",NA,NA,NA,"No","HAMLO","No","2023"
"288","HAM-001","HAM","1",11,NA,NA,43.30528,-79.82083,NA,NA,2023-12-01 15:45:00,2024-12-02 17:46:00,11,NA,NA,"VR2W",69,127832,"Generation-2",NA,NA,NA,"No","HAMLO","No","2023"
"289","HAM-027","HAM","27",11,NA,NA,43.27861,-79.87556,NA,NA,2023-12-01 16:25:00,2024-12-02 16:30:00,10,NA,NA,"VR2W",69,124715,"Generation-2",NA,NA,NA,"No","HAMLO","No","2023"
"290","HAM-004","HAM","4",10,NA,NA,43.28667,-79.84556,NA,NA,2023-12-01 17:35:00,2024-11-18 15:24:00,23,NA,NA,"VR2W",69,131524,"Generation-2",NA,NA,NA,"No","HAMLO","No","2023"
"291","HAM-002","HAM","2",11,NA,NA,43.28528,-79.79556,NA,NA,2023-12-01 18:15:00,2024-12-02 15:38:00,22.4,NA,NA,"VR2W",69,127833,"Generation-2",NA,NA,NA,"No","HAMLO","No","2023"
"292","HAM-007","HAM","7",11,NA,NA,43.30145,-79.83985,NA,NA,2023-12-05 15:00:00,2024-12-03 16:30:00,8.8,NA,NA,"VR2W",69,126879,"Generation-2",NA,NA,NA,"No","HAMLO","No","2023"
"293","HAM-028","HAM","28",11,NA,NA,43.27508,-79.88077,NA,NA,2023-12-05 15:45:00,2024-12-03 15:55:00,8,NA,NA,"VR2W",69,126878,"Generation-2",NA,NA,NA,"No","HAMLO","No","2023"
"294","HAM-037","HAM","37",8,NA,NA,43.27886,-79.88536,NA,NA,2023-12-05 16:15:00,2025-06-10 15:10:00,4.9,NA,NA,"VR2W",69,119693,"Generation-2",NA,NA,NA,"No","HAMLO","No","2023"
"295","HAM-029","HAM","29",11,NA,NA,43.28936,-79.88731,NA,NA,2023-12-20 18:25:00,2024-03-07 17:30:00,1,NA,NA,"VR2W",69,132818,"MAP-115",NA,NA,NA,"No","HAMLO","No","2023"
"296","HAM-033","HAM","33",9,NA,NA,43.29215,-79.88395,NA,NA,2023-12-20 18:55:00,2024-03-07 18:40:00,NA,NA,NA,"VR2W-Tx",69,487629,"Generation-2",NA,NA,NA,"No","HAMLO","No","2023"
"297","HAM-067","HAM","67",6,NA,NA,43.29417,-79.87926,NA,NA,2024-03-07 16:18:00,2024-08-26 16:40:00,0.7,NA,NA,"VR2W",69,132999,"Generation-2",NA,NA,NA,"Yes","HAMLO","No","2024"
"298","HAM-059","HAM","59",5,NA,NA,43.29498,-79.87552,NA,NA,2024-03-07 16:49:00,2024-08-26 17:38:00,0.6,NA,NA,"VR2W",69,127843,"Generation-2",NA,NA,NA,"Yes","HAMLO","No","2024"
"299","HAM-066","HAM","66",5,NA,NA,43.29283,-79.88119,NA,NA,2024-03-07 17:20:00,2024-08-26 16:30:00,0.2,NA,NA,"VR2W",69,133002,"Generation-2",NA,NA,NA,"Yes","HAMLO","No","2024"
"300","HAM-061","HAM","61",5,NA,NA,43.29,-79.88234,NA,NA,2024-03-07 18:18:00,2024-08-22 16:11:00,0.55,NA,NA,"VR2W",69,127847,"Generation-2",NA,NA,NA,"Yes","HAMLO","No","2024"
"301","HAM-033","HAM","33",10,NA,NA,43.29215,-79.88395,NA,NA,2024-03-07 18:45:00,2024-08-22 15:25:00,0.7,NA,NA,"VR2W-Tx",69,487630,"Generation-2",NA,NA,NA,"No","HAMLO","No","2024"
"302","HAM-087","HAM","87",1,NA,NA,43.29413,-79.88175,NA,NA,2024-03-07 18:55:00,2024-08-26 17:10:00,0.5,NA,NA,"VR2W-Tx",69,487623,"Generation-2",NA,NA,NA,"Yes","HAMLO","No","2024"
"303","HAM-062","HAM","62",5,NA,NA,43.29042,-79.88627,NA,NA,2024-03-07 19:14:00,2024-11-18 05:00:00,0.85,NA,NA,"VR2W",69,107321,"Generation-2",NA,NA,NA,"Yes","HAMLO","No","2024"
"304","HAM-068","HAM","68",3,NA,NA,43.28972,-79.88528,NA,NA,2024-03-07 19:28:00,2024-08-22 14:12:00,0.6,NA,NA,"VR2W",69,119662,"Generation-2",NA,NA,NA,"Yes","HAMLO","No","2024"
"305","HAM-029","HAM","29",12,NA,NA,43.28936,-79.88731,NA,NA,2024-03-07 21:30:00,2024-08-22 13:37:00,1,NA,NA,"VR2W",69,481683,"Generation-2",NA,NA,NA,"No","HAMLO","No","2024"
"306","HAM-095","HAM","95",1,NA,NA,43.27225,-79.90253,NA,NA,2024-03-13 14:24:00,2024-09-04 14:13:00,0.73,NA,NA,"VR2W",69,127839,"Generation-2",NA,NA,NA,"Yes","HAMLO","No","2024"
"307","HAM-094","HAM","94",1,NA,NA,43.27214,-79.91265,NA,NA,2024-03-13 14:43:00,2024-09-04 14:23:00,0.55,NA,NA,"VR2W",69,121998,"Generation-2",NA,NA,NA,"Yes","HAMLO","No","2024"
"308","HAM-093","HAM","93",1,NA,NA,43.2771,-79.91317,NA,NA,2024-03-13 15:20:00,2024-08-28 14:30:00,0.63,NA,NA,"VR2W-Tx",69,481797,"Generation-2",NA,NA,NA,"Yes","HAMLO","No","2024"
"309","HAM-090","HAM","90",1,NA,NA,43.27361,-79.92039,NA,NA,2024-03-13 15:48:00,2024-08-28 14:40:00,0.88,NA,NA,"VR2W",69,137954,"Generation-2",NA,NA,NA,"Yes","HAMLO","No","2024"
"310","HAM-088","HAM","88",1,NA,NA,43.27514,-79.92065,NA,NA,2024-03-13 16:24:00,2024-08-28 17:00:00,0.75,NA,NA,"VR2W",69,137957,"Generation-2",NA,NA,NA,"Yes","HAMLO","No","2024"
"311","HAM-091","HAM","91",1,NA,NA,43.27248,-79.92561,NA,NA,2024-03-13 16:45:00,2024-08-07 15:00:00,0.54,NA,NA,"VR2W",69,119681,"Generation-2",NA,NA,NA,"Yes","HAMLO","No","2024"
"312","HAM-096","HAM","96",1,NA,NA,43.28358,-79.8971,NA,NA,2024-03-13 17:05:00,2024-11-12 17:00:00,0.63,NA,NA,"VR2W",69,105463,"Generation-2",NA,NA,NA,"Yes","HAMLO","No","2024"
"313","HAM-092","HAM","92",1,NA,NA,43.27319,-79.92641,NA,NA,2024-03-13 17:15:00,2024-08-07 15:10:00,1,NA,NA,"VR2W",69,127840,"Generation-2",NA,NA,NA,"Yes","HAMLO","No","2024"
"314","HAM-089","HAM","89",1,NA,NA,43.26792,-79.92775,NA,NA,2024-03-13 18:14:00,2024-08-28 16:20:00,0.9,NA,NA,"VR2W",69,132820,"Generation-2",NA,NA,NA,"Yes","HAMLO","No","2024"
"315","HAM-044","HAM","44",7,NA,NA,43.27725,-79.90494,NA,NA,2024-03-13 18:47:00,2024-09-04 14:19:00,0.41,NA,NA,"VR2W-Tx",69,481801,"Generation-2",NA,NA,NA,"Yes","HAMLO","No","2024"
"316","HAM-042","HAM","42",8,NA,NA,43.26864,-79.93536,NA,NA,2024-03-27 14:33:00,2024-10-31 13:46:00,1.1,NA,NA,"VR2W",69,127850,"Generation-2","error 1 initialization occurred between deploy and recover",NA,NA,"No","HAMLO","No","2024"
"317","HAM-098","HAM","98",1,NA,NA,43.27531,-79.89396,NA,NA,2024-03-27 16:11:00,2024-09-04 14:05:00,0.65,NA,NA,"VR2W-Tx",69,487637,"Generation-2",NA,NA,NA,"Yes","HAMLO","No","2024"
"318","WLN-057","WLN","57",1,NA,NA,43.55137,-79.59163,NA,NA,2024-03-27 18:05:00,2024-10-31 17:08:00,1.3,NA,NA,"VR2W-TX",69,481802,"Generation-2",NA,"DFO",NA,"Yes","WLONA","No","2024"
"319","WLN-058","WLN","58",1,NA,NA,43.54839,-79.58354,NA,NA,2024-03-27 18:40:00,2024-10-31 17:08:00,1.05,NA,NA,"VR2W",69,119706,"Generation-2",NA,"DFO",NA,"No","WLONA","No","2024"
"320","WLN-055","WLN","55",1,NA,NA,43.1821,-79.37544,NA,NA,2024-03-27 20:53:00,2024-12-10 18:47:00,1,NA,NA,"VR2W",69,132818,"Generation-2",NA,"DFO",NA,"No","WLONA","No","2024"
"321","WLN-056","WLN","56",1,NA,NA,43.1576,-79.37224,NA,NA,2024-03-27 21:11:00,NA,1.2,NA,NA,"VR2W-TX",69,487628,NA,"code map not available (receiver currently deployed)","DFO",NA,"Yes","WLONA","No","2024"
"322","HAM-099","HAM","99",1,NA,NA,43.28157,-79.88982,NA,NA,2024-04-05 15:00:00,2024-08-27 14:30:00,NA,NA,NA,"VR2W-Tx",69,481722,"Generation-2",NA,NA,NA,"Yes","HAMLO","No","2024"
"323","HAM-025","HAM","25",12,NA,NA,43.30969,-79.81158,NA,NA,2024-06-12 13:59:00,2025-07-10 13:33:00,5.1,NA,NA,"VR2AR",69,552978,"Generation-2",NA,NA,NA,"No","HAMLO","No","2024"
"324","WLN-041","WLN","41",2,NA,NA,43.24592,-79.6076,NA,NA,2024-06-12 15:16:00,2025-06-24 17:55:00,14,NA,NA,"VR2WAR",69,552910,"Generation-2",NA,"DFO",NA,"No","WLONA","No","2024"
"325","WLN-007","WLN","7",9,NA,NA,43.25787,-79.60037,NA,NA,2024-06-12 15:51:00,2025-06-24 18:17:00,21,NA,NA,"VR2WAR",69,552899,"Generation-2",NA,"DFO",NA,"No","WLONA","No","2024"
"326","WLN-009","WLN","9",9,NA,NA,43.22352,-79.45905,NA,NA,2024-06-12 16:19:00,NA,20.5,NA,NA,"VR2WAR",69,548266,NA,"code map not available (receiver currently deployed)","DFO",NA,"No","WLONA","No","2024"
"327","WLN-042","WLN","42",2,NA,NA,43.19625,-79.31195,NA,NA,2024-06-12 16:47:00,2025-06-24 15:19:00,9.8,NA,NA,"VR2WAR",69,549105,"Generation-2",NA,"DFO",NA,"No","WLONA","No","2024"
"328","WLN-008","WLN","8",10,NA,NA,43.20885,-79.31941,NA,NA,2024-06-12 17:08:00,2025-06-24 14:38:00,18.5,NA,NA,"VR2WAR",69,552900,"Generation-2",NA,"DFO",NA,"No","WLONA","No","2024"
"329","WLN-043","WLN","43",2,NA,NA,43.22091,-79.32706,NA,NA,2024-06-12 17:25:00,2025-06-24 15:54:00,25.2,NA,NA,"VR2WAR",69,552898,"Generation-2",NA,"DFO",NA,"No","WLONA","No","2024"
"330","WLN-003","WLN","3",10,NA,NA,43.2512,-79.23352,NA,NA,2024-06-12 17:56:00,2025-06-24 14:55:00,16,NA,NA,"VR2WAR",69,552911,"Generation-2",NA,"DFO",NA,"No","WLONA","No","2024"
"331","HAM-003","HAM","3",12,NA,NA,43.29504,-79.79685,NA,NA,2024-06-13 13:36:00,2025-07-03 14:15:00,15.6,NA,NA,"VR2AR",69,549102,"Generation-2",NA,NA,NA,"No","HAMLO","No","2024"
"332","HAM-021","HAM","21",11,NA,NA,43.28578,-79.82647,NA,NA,2024-06-13 14:10:00,2025-07-10 14:00:00,15,NA,NA,"VR2AR",69,552973,"Generation-2",NA,NA,NA,"No","HAMLO","No","2024"
"333","HAM-017","HAM","17",12,NA,NA,43.29468,-79.8297,NA,NA,2024-06-13 14:19:00,2025-07-10 13:48:00,7,NA,NA,"VR2AR",69,549115,"Generation-2",NA,NA,NA,"No","HAMLO","No","2024"
"334","HAM-015","HAM","15",12,NA,NA,43.29365,-79.85536,NA,NA,2024-06-13 14:34:00,2025-07-10 14:16:00,7,NA,NA,"VR2AR",69,548706,"Generation-2",NA,NA,NA,"No","HAMLO","No","2024"
"335","HAM-023","HAM","23",13,NA,NA,43.28569,-79.86764,NA,NA,2024-06-13 14:50:00,2025-07-10 14:53:00,6.7,NA,NA,"VR2AR",69,548265,"Generation-2",NA,NA,NA,"No","HAMLO","No","2024"
"336","HAM-005","HAM","5",11,NA,NA,43.28102,-79.86579,NA,NA,2024-06-13 15:06:00,2025-07-10 14:27:00,13.8,NA,NA,"VR2AR",69,548282,"Generation-2",NA,NA,NA,"No","HAMLO","No","2024"
"337","HAM-085","HAM","85",2,NA,NA,43.27843,-79.8619,NA,NA,2024-06-13 16:05:00,2025-07-10 15:59:00,9.8,NA,NA,"VR2AR",69,549114,"Generation-2",NA,NA,NA,"No","HAMLO","No","2024"
"338","HAM-077","HAM","77",3,NA,NA,43.28064,-79.8693,NA,NA,2024-06-13 16:33:00,2025-07-10 14:37:00,12.7,NA,NA,"VR2AR",69,552977,"Generation-2",NA,NA,NA,"No","HAMLO","No","2024"
"339","HAM-076","HAM","76",3,NA,NA,43.28368,-79.87139,NA,NA,2024-06-13 16:50:00,2025-07-10 14:46:00,12.9,NA,NA,"VR2AR",69,549107,"Generation-2",NA,NA,NA,"No","HAMLO","No","2024"
"340","HAM-074","HAM","74",3,NA,NA,43.28268,-79.87783,NA,NA,2024-06-13 17:12:00,2025-07-10 15:17:00,9.4,NA,NA,"VR2AR",69,548241,"Generation-2",NA,NA,NA,"No","HAMLO","No","2024"
"341","HAM-073","HAM","73",3,NA,NA,43.28003,-79.88284,NA,NA,2024-06-13 17:28:00,2025-07-10 15:30:00,3.8,NA,NA,"VR2AR",69,548262,"Generation-2",NA,NA,NA,"No","HAMLO","No","2024"
"342","HAM-072","HAM","72",3,NA,NA,43.27815,-79.88745,NA,NA,2024-06-13 17:48:00,2025-07-03 15:51:00,4.3,NA,NA,"VR2AR",69,548276,"Generation-2",NA,NA,NA,"No","HAMLO","No","2024"
"343","WLN-049","WLN","49",2,NA,NA,43.70014,-79.18003,NA,NA,2024-06-17 15:15:00,2025-06-16 16:35:00,26.8,NA,NA,"VR2WAR",69,548618,"Generation-2",NA,"DFO",NA,"No","WLONA","No","2024"
"344","WLN-031","WLN","31",6,NA,NA,43.70823,-79.1947,NA,NA,2024-06-17 15:33:00,2025-06-16 17:00:00,17,NA,NA,"VR2WAR",69,552907,"Generation-2",NA,"DFO",NA,"No","WLONA","No","2024"
"345","WLN-048","WLN","48",2,NA,NA,43.71632,-79.20903,NA,NA,2024-06-17 15:48:00,2025-06-16 17:15:00,10.9,NA,NA,"VR2WAR",69,548284,"Generation-2",NA,"DFO",NA,"No","WLONA","No","2024"
"346","WLN-032","WLN","32",6,NA,NA,43.76568,-79.10988,NA,NA,2024-06-17 16:38:00,2025-06-16 18:08:00,19,NA,NA,"VR2WAR",69,546842,"Generation-2",NA,"DFO",NA,"No","WLONA","No","2024"
"347","WLN-033","WLN","33",6,NA,NA,43.78019,-79.02961,NA,NA,2024-06-17 17:01:00,2025-06-16 18:20:00,28.3,NA,NA,"VR2WAR",69,547997,"Generation-2",NA,"DFO",NA,"No","WLONA","No","2024"
"348","WLN-037","WLN","37",6,NA,NA,43.74167,-78.97946,NA,NA,2024-06-17 18:14:00,2025-06-16 20:20:00,70.2,NA,NA,"VR2WAR",69,548244,"Generation-2",NA,"DFO",NA,"No","WLONA","No","2024"
"349","WLN-034","WLN","34",6,NA,NA,43.8202,-78.93321,NA,NA,2024-06-17 18:38:00,2025-06-16 20:38:00,24.8,NA,NA,"VR2WAR",69,548240,"Generation-2",NA,"DFO",NA,"No","WLONA","No","2024"
"350","WLN-050","WLN","50",2,NA,NA,43.83455,-78.79845,NA,NA,2024-06-17 20:03:00,2025-07-29 15:37:00,26.6,NA,NA,"VR2WAR",69,548254,"Generation-2",NA,"DFO",NA,"No","WLONA","No","2024"
"351","WLN-035","WLN","35",6,NA,NA,43.84834,-78.80354,NA,NA,2024-06-17 20:22:00,2025-07-29 15:58:00,20.8,NA,NA,"VR2WAR",69,552896,"Generation-2",NA,"DFO",NA,"No","WLONA","No","2024"
"352","WLN-051","WLN","51",2,NA,NA,43.86043,-78.80888,NA,NA,2024-06-17 20:43:00,2025-07-29 16:15:00,10.1,NA,NA,"VR2WAR",69,548250,"Generation-2",NA,"DFO",NA,"No","WLONA","No","2024"
"353","WLN-038","WLN","38",6,NA,NA,43.77656,-78.83806,NA,NA,2024-06-18 19:25:00,2025-06-16 20:57:00,60,NA,NA,"VR2WAR",69,546834,"Generation-2",NA,"DFO",NA,"No","WLONA","No","2024"
"354","WLN-053","WLN","53",2,NA,NA,43.86946,-78.44372,NA,NA,2024-06-18 22:36:00,2025-06-17 16:40:00,40,NA,NA,"VR2WAR",69,548256,"Generation-2",NA,"DFO",NA,"No","WLONA","No","2024"
"355","WLN-052","WLN","52",2,NA,NA,43.89555,-78.45502,NA,NA,2024-06-19 16:17:00,2025-06-17 15:51:00,9.7,NA,NA,"VR2WAR",69,548616,"Generation-2",NA,"DFO",NA,"No","WLONA","No","2024"
"356","WLN-036","WLN","36",6,NA,NA,43.8789,-78.6188,NA,NA,2024-06-19 17:12:00,2025-07-29 16:50:00,16.3,NA,NA,"VR2WAR",69,552901,"Generation-2",NA,"DFO",NA,"No","WLONA","No","2024"
"357","WLN-039","WLN","39",6,NA,NA,43.78651,-78.67521,NA,NA,2024-06-19 17:35:00,2025-06-16 21:21:00,75.5,NA,NA,"VR2WAR",69,547995,"Generation-2",NA,"DFO",NA,"No","WLONA","No","2024"
"358","HAM-079","HAM","79",3,NA,NA,43.27447,-79.88546,NA,NA,2024-06-26 13:13:00,2025-07-10 15:42:00,4,NA,NA,"VR2AR",69,552976,"Generation-2",NA,NA,NA,"No","HAMLO","No","2024"
"359","HAM-081","HAM","81",2,NA,NA,43.2712,-79.87804,NA,NA,2024-06-26 13:44:00,2025-07-23 14:02:00,3.1,NA,NA,"VR2AR",69,547996,"Generation-2",NA,NA,NA,"No","HAMLO","No","2024"
"360","HAM-082","HAM","82",2,NA,NA,43.27184,-79.87547,NA,NA,2024-06-26 14:10:00,2025-08-27 14:42:00,3.9,NA,NA,"VR2AR",69,552979,"Generation-2",NA,NA,NA,"No","HAMLO","No","2024"
"361","HAM-078","HAM","78",3,NA,NA,43.27774,-79.87807,NA,NA,2024-06-26 14:47:00,2025-07-23 19:05:00,9.7,NA,NA,"VR2AR",69,548274,"Generation-2",NA,NA,NA,"No","HAMLO","No","2024"
"362","WLN-045","WLN","45",2,NA,NA,43.40217,-79.64235,NA,NA,2024-06-26 15:56:00,NA,50.3,NA,NA,"VR2WAR",69,549109,NA,"code map not available (receiver currently deployed)","DFO",NA,"No","WLONA","No","2024"
"363","WLN-044","WLN","44",2,NA,NA,43.40981,-79.65786,NA,NA,2024-06-26 16:17:00,NA,34,NA,NA,"VR2WAR",69,548257,NA,"code map not available (receiver currently deployed)","DFO",NA,"No","WLONA","No","2024"
"364","WLN-010","WLN","10",10,NA,NA,43.4168,-79.6725,NA,NA,2024-06-26 16:37:00,2025-07-23 17:41:00,16.1,NA,NA,"VR2WAR",69,552890,"Generation-2",NA,"DFO",NA,"No","WLONA","No","2024"
"365","WLN-006","WLN","6",10,NA,NA,43.49064,-79.59042,NA,NA,2024-06-26 17:12:00,NA,17.2,NA,NA,"VR2WAR",69,548269,NA,"code map not available (receiver currently deployed)","DFO",NA,"No","WLONA","No","2024"
"366","WLN-001","WLN","1",10,NA,NA,43.3306,-79.75633,NA,NA,2024-06-26 18:11:00,2025-07-23 18:04:00,17.4,NA,NA,"VR2WAR",69,546851,"Generation-2",NA,"DFO",NA,"No","WLONA","No","2024"
"367","WLN-005","WLN","5",9,NA,NA,43.29595,-79.74334,NA,NA,2024-06-26 18:33:00,2025-06-24 18:35:00,17.5,NA,NA,"VR2WAR",69,545560,"Generation-2",NA,"DFO",NA,"No","WLONA","No","2024"
"368","HAM-022","HAM","22",13,NA,NA,43.30235,-79.79037,NA,NA,2024-06-26 18:53:00,2025-07-30 19:01:00,6,NA,NA,"VR2AR",69,548275,"Generation-2",NA,NA,NA,"No","HAMLO","No","2024"
"369","WLN-030","WLN","30",6,NA,NA,43.65163,-79.2506,NA,NA,2024-06-27 14:17:00,2025-07-29 18:12:00,19.1,NA,NA,"VR2WAR",69,548631,"Generation-2",NA,"DFO",NA,"No","WLONA","No","2024"
"370","WLN-054","WLN","54",2,NA,NA,43.63216,-79.3182,NA,NA,2024-06-27 15:11:00,2025-07-29 18:47:00,11,NA,NA,"VR2WAR",69,549103,"Generation-2",NA,"DFO",NA,"No","WLONA","No","2024"
"371","WLN-002","WLN","2",10,NA,NA,43.6192,-79.45171,NA,NA,2024-06-27 17:13:00,2025-07-30 16:20:00,17.2,NA,NA,"VR2WAR",69,548259,"Generation-2",NA,"DFO",NA,"No","WLONA","No","2024"
"372","WLN-046","WLN","46",2,NA,NA,43.57477,-79.53271,NA,NA,2024-06-27 17:39:00,2025-07-30 17:28:00,5.9,NA,NA,"VR2WAR",69,549098,"Generation-2",NA,"DFO",NA,"No","WLONA","No","2024"
"373","WLN-004","WLN","4",10,NA,NA,43.56569,-79.51855,NA,NA,2024-06-27 17:54:00,2025-07-30 17:08:00,17.9,NA,NA,"VR2WAR",69,552917,"Generation-2",NA,"DFO",NA,"No","WLONA","No","2024"
"374","WLN-047","WLN","47",2,NA,NA,43.55763,-79.50498,NA,NA,2024-06-27 18:08:00,2025-07-30 16:50:00,29.2,NA,NA,"VR2WAR",69,547992,"Generation-2",NA,"DFO",NA,"No","WLONA","No","2024"
"375","HAM-075","HAM","75",3,NA,NA,43.28577,-79.8707,NA,NA,2024-06-27 19:36:00,2025-07-10 15:05:00,4.2,NA,NA,"VR2AR",69,548243,"Generation-2",NA,NA,NA,"No","HAMLO","No","2024"
"376","HAM-084","HAM","84",2,NA,NA,43.27551,-79.87173,NA,NA,2024-06-27 19:38:00,2025-07-23 14:29:00,9.4,NA,NA,"VR2AR",69,548253,"Generation-2","error 1 initialization occurred between deploy and recover",NA,NA,"No","HAMLO","No","2024"
"377","HAM-083","HAM","83",2,NA,NA,43.27432,-79.87759,NA,NA,2024-06-27 20:08:00,2025-07-23 14:19:00,8.1,NA,NA,"VR2AR",69,552971,"Generation-2",NA,NA,NA,"No","HAMLO","No","2024"
"378","HAM-080","HAM","80",1,NA,NA,43.27191,-79.88202,NA,NA,2024-06-27 20:15:00,2025-07-23 19:49:00,4.6,NA,NA,"VR2AR",69,552974,"Generation-2",NA,NA,NA,"No","HAMLO","No","2024"
"379","HAM-071","HAM","71",2,NA,NA,43.28126,-79.88805,NA,NA,2024-07-04 15:22:00,NA,1.5,NA,NA,"VR2AR",69,547993,NA,"code map not available (receiver currently deployed)",NA,NA,"No","HAMLO","No","2024"
"380","HAM-011","HAM","11",10,NA,NA,43.2773,-79.8669,NA,NA,2024-07-31 13:58:00,2025-08-01 12:50:00,NA,NA,NA,"VR2W",69,119711,"Generation-2",NA,NA,NA,"No","HAMLO","No","2024"
"381","HAM-053","HAM","53",10,NA,NA,43.2759,-79.86333,NA,NA,2024-07-31 14:48:00,2025-08-01 14:00:00,NA,NA,NA,"VR2W",69,133111,"Generation-2",NA,NA,NA,"No","HAMLO","No","2024"
"382","HAM-057","HAM","57",8,NA,NA,43.275,-79.8607,NA,NA,2024-07-31 15:17:00,2025-08-01 13:40:00,NA,NA,NA,"VR2W",69,121990,"Generation-2",NA,NA,NA,"No","HAMLO","No","2024"
"383","HAM-052","HAM","52",11,NA,NA,43.27438,-79.86617,NA,NA,2024-07-31 16:10:00,2025-08-01 14:30:00,NA,NA,NA,"VR2W",69,127837,"Generation-2","error 1 initialization occurred between deploy and recover",NA,NA,"No","HAMLO","No","2024"
"384","HAM-051","HAM","51",9,NA,NA,43.26976,-79.87317,NA,NA,2024-07-31 17:22:00,2025-04-25 14:30:00,NA,NA,NA,"VR2W",69,121991,"Generation-2","error 1 initialization occurred between deploy and recover",NA,NA,"No","HAMLO","No","2024"
"385","HAM-091","HAM","91",2,NA,NA,43.27248,-79.92561,NA,NA,2024-08-07 15:10:00,2024-08-28 12:00:00,0.54,NA,NA,"VR2W",69,119681,"Generation-2",NA,NA,NA,"Yes","HAMLO","No","2024"
"386","HAM-092","HAM","92",2,NA,NA,43.27319,-79.92641,NA,NA,2024-08-07 15:20:00,2024-08-28 12:00:00,1,NA,NA,"VR2W",69,127840,"Generation-2",NA,NA,NA,"Yes","HAMLO","No","2024"
"387","HAM-097","HAM","97",1,NA,NA,43.26556,-79.93984,NA,NA,2024-08-07 19:00:00,2024-11-15 18:00:00,1.5,NA,NA,"VR2W",69,119690,"Generation-2",NA,NA,NA,"Yes","HAMLO","No","2024"
"388","HAM-034","HAM","34",13,NA,NA,43.27142,-79.80812,NA,NA,2024-08-08 15:40:00,2025-08-06 15:50:00,NA,NA,NA,"VR2W",69,121993,"Generation-2",NA,NA,NA,"No","HAMLO","No","2024"
"389","HAM-013","HAM","13",12,NA,NA,43.29691,-79.80157,NA,NA,2024-08-08 17:00:00,NA,NA,NA,NA,"VR2W",69,131525,NA,"code map not available (receiver currently deployed)",NA,NA,"No","HAMLO","No","2024"
"390","HAM-058","HAM","58",8,NA,NA,43.31292,-79.8061,NA,NA,2024-08-08 19:19:00,2025-08-01 16:20:00,NA,NA,NA,"VR2W",69,124717,"Generation-2",NA,NA,NA,"No","HAMLO","No","2024"
"391","HAM-029","HAM","29",13,NA,NA,43.28936,-79.88731,NA,NA,2024-08-22 13:45:00,2025-04-11 19:05:00,1,NA,NA,"VR2W-Tx",69,481683,"Generation-2",NA,NA,NA,"No","HAMLO","No","2024"
"392","HAM-068","HAM","68",4,NA,NA,43.28972,-79.88528,NA,NA,2024-08-22 14:15:00,2024-11-27 19:56:00,0.6,NA,NA,"VR2W",69,119662,"Generation-2",NA,NA,NA,"Yes","HAMLO","No","2024"
"393","HAM-033","HAM","33",11,NA,NA,43.29215,-79.88395,NA,NA,2024-08-22 15:30:00,2025-08-28 15:15:00,0.7,NA,NA,"VR2W-Tx",69,487630,"Generation-2",NA,NA,NA,"No","HAMLO","No","2024"
"394","HAM-061","HAM","61",6,NA,NA,43.29,-79.88234,NA,NA,2024-08-22 16:15:00,2024-09-05 02:59:00,0.55,NA,NA,"VR2W",69,127847,"Generation-2",NA,NA,NA,"Yes","HAMLO","No","2024"
"395","HAM-086","HAM","86",1,NA,NA,43.30104,-79.86882,NA,NA,2024-08-22 18:12:00,2024-11-15 17:00:00,2,NA,NA,"VR2W-Tx",69,121987,"Generation-2",NA,NA,NA,"Yes","HAMLO","No","2024"
"396","HAM-063","HAM","63",7,NA,NA,43.2822,-79.88451,NA,NA,2024-08-23 14:28:00,2025-08-01 15:50:00,1.5,NA,NA,"VR2W",69,127827,"Generation-2","error 1 initialization occurred between deploy and recover",NA,NA,"No","HAMLO","No","2024"
"397","HAM-070","HAM","70",2,NA,NA,43.28605,-79.88826,NA,NA,2024-08-23 15:09:00,2024-11-27 20:20:00,NA,NA,NA,"VR2W-Tx",69,481800,"Generation-2",NA,NA,NA,"Yes","HAMLO","No","2024"
"398","HAM-041","HAM","41",11,NA,NA,43.2767,-79.83893,NA,NA,2024-08-23 15:35:00,2025-08-06 17:00:00,NA,NA,NA,"VR2W",69,133001,"Generation-2","error 1 initialization occurred between deploy and recover",NA,NA,"No","HAMLO","No","2024"
"399","HAM-047","HAM","47",9,NA,NA,43.30267,-79.83991,NA,NA,2024-08-23 16:14:00,2025-04-01 14:30:00,NA,NA,NA,"VR2W",69,121988,"Generation-2","error 1 initialization occurred between deploy and recover",NA,NA,"No","HAMLO","No","2024"
"400","HAM-046","HAM","46",10,NA,NA,43.30771,-79.82588,NA,NA,2024-08-23 16:34:00,2025-06-21 04:00:00,NA,NA,NA,"VR2W",69,132997,"Generation-2","error 1 initialization occurred between deploy and recover",NA,NA,"No","HAMLO","No","2024"
"401","HAM-067","HAM","67",7,NA,NA,43.29417,-79.87926,NA,NA,2024-08-26 16:45:00,2024-11-27 19:44:00,0.7,NA,NA,"VR2W",69,132999,"Generation-2",NA,NA,NA,"Yes","HAMLO","No","2024"
"402","HAM-087","HAM","87",2,NA,NA,43.29413,-79.88175,NA,NA,2024-08-26 17:15:00,2024-11-19 17:00:00,0.5,NA,NA,"VR2W-Tx",69,487623,"Generation-2",NA,NA,NA,"Yes","HAMLO","No","2024"
"403","HAM-059","HAM","59",6,NA,NA,43.29498,-79.87552,NA,NA,2024-08-26 17:40:00,2024-11-27 19:26:00,0.6,NA,NA,"VR2W",69,127843,"Generation-2",NA,NA,NA,"Yes","HAMLO","No","2024"
"404","HAM-043","HAM","43",9,NA,NA,43.27957,-79.8915,NA,NA,2024-08-27 14:54:00,2025-08-01 16:00:00,NA,NA,NA,"VR2W",69,121999,"Generation-2",NA,NA,NA,"No","HAMLO","No","2024"
"405","HAM-035","HAM","35",9,NA,NA,43.26228,-79.77238,NA,NA,2024-09-03 18:35:00,2025-08-28 14:00:00,2,NA,NA,"VR2W",69,137956,"Generation-2",NA,NA,NA,"No","HAMLO","No","2024"
"406","HAM-036","HAM","36",13,NA,NA,43.27139,-79.8695,NA,NA,2024-09-03 19:08:00,2025-08-01 15:30:00,NA,NA,NA,"VR2W",69,131493,"Generation-2","error 1 initialization occurred between deploy and recover",NA,NA,"No","HAMLO","No","2024"
"407","HAM-032","HAM","32",12,NA,NA,43.27973,-79.89346,NA,NA,2024-10-31 12:55:00,2025-10-02 17:00:00,1.85,NA,NA,"VR2W",69,131523,"Generation-2","error 1 initialization occurred between deploy and recover",NA,NA,"No","HAMLO","No","2024"
"408","HAM-042","HAM","42",9,NA,NA,43.26864,-79.93536,NA,NA,2024-10-31 13:50:00,2025-09-26 17:05:00,1.1,NA,NA,"VR2W",69,127850,"Generation-2",NA,NA,NA,"No","HAMLO","No","2024"
"409","HAM-030","HAM","30",11,NA,NA,43.27192,-79.92519,NA,NA,2024-10-31 14:35:00,2025-10-02 14:30:00,NA,NA,NA,"VR2W",69,127828,"MAP-115",NA,NA,NA,"No","HAMLO","No","2024"
"410","WLN-058","WLN","58",2,NA,NA,43.54839,-79.58354,NA,NA,2024-10-31 17:10:00,NA,1.05,NA,NA,"VR2W",69,119706,NA,"code map not available (receiver currently deployed)","DFO",NA,"No","WLONA","No","2024"
"411","HAM-028","HAM","28",12,NA,NA,43.27508,-79.88077,NA,NA,2024-12-09 05:07:00,2025-11-25 14:00:00,8,NA,NA,"VR2W",69,126878,"Generation-2",NA,NA,NA,"No","HAMLO","No","2024"
"412","HAM-027","HAM","27",12,NA,NA,43.27861,-79.87556,NA,NA,2024-12-09 16:43:00,2025-11-25 14:00:00,11.4,NA,NA,"VR2W",69,124715,"Generation-2",NA,NA,NA,"No","HAMLO","No","2024"
"413","HAM-004","HAM","4",11,NA,NA,43.28667,-79.84556,NA,NA,2024-12-09 17:45:00,2025-11-25 14:00:00,23,NA,NA,"VR2W",69,131524,"Generation-2",NA,NA,NA,"No","HAMLO","No","2024"
"414","HAM-002","HAM","2",12,NA,NA,43.28528,-79.79556,NA,NA,2024-12-10 15:10:00,2025-11-24 14:00:00,22,NA,NA,"VR2W",69,127833,"Generation-2",NA,NA,NA,"No","HAMLO","No","2024"
"415","WLN-055","WLN","55",2,NA,NA,43.1821,-79.37544,NA,NA,2024-12-10 18:55:00,2025-05-12 20:24:00,1,NA,NA,"VR2W",69,132818,"Generation-2",NA,"DFO",NA,"No","WLONA","No","2024"
"416","HAM-086","HAM","86",2,NA,NA,43.30115,-79.86895,NA,NA,2025-04-11 14:12:00,2025-08-28 15:45:00,1.25,0.8,0.3,"VR2W-Tx",69,481797,"Generation-2",NA,NA,NA,"Yes","HAMLO","No","2025"
"417","HAM-067","HAM","67",8,NA,NA,43.29422,-79.87928,NA,NA,2025-04-11 14:55:00,2025-09-08 14:12:00,1.2,0.5,0.5,"VR2W",69,132820,"Generation-2",NA,NA,NA,"Yes","HAMLO","No","2025"
"418","HAM-059","HAM","59",7,NA,NA,43.29493,-79.87553,NA,NA,2025-04-11 15:25:00,2025-08-28 17:13:00,1,0.75,0.15,"VR2W",69,119681,"Generation-2",NA,NA,NA,"Yes","HAMLO","No","2025"
"419","HAM-087","HAM","87",3,NA,NA,43.29432,-79.88198,NA,NA,2025-04-11 16:00:00,2025-09-03 15:30:00,1,0.75,0.15,"VR2W-Tx",69,481800,"Generation-2",NA,NA,NA,"Yes","HAMLO","No","2025"
"420","HAM-066","HAM","66",6,NA,NA,43.29282,-79.88116,NA,NA,2025-04-11 16:10:00,2025-08-28 14:55:00,0.4,NA,NA,"VR2W",69,127832,"Generation-2",NA,NA,NA,"Yes","HAMLO","No","2025"
"421","HAM-068","HAM","68",5,NA,NA,43.28975,-79.8852,NA,NA,2025-04-11 17:00:00,2025-09-26 13:35:00,0.8,0.3,0.3,"VR2W",69,105463,"Generation-2",NA,NA,NA,"Yes","HAMLO","No","2025"
"422","HAM-061","HAM","61",7,NA,NA,43.28919,-79.88244,NA,NA,2025-04-11 17:21:00,2025-08-28 16:14:00,0.6,0.3,0.1,"VR2W",69,121998,"Generation-2",NA,NA,NA,"Yes","HAMLO","No","2025"
"423","HAM-062","HAM","62",6,NA,NA,43.29044,-79.88634,NA,NA,2025-04-11 18:09:00,2025-09-26 13:35:00,1,0.5,0.3,"VR2W",69,133002,"Generation-2",NA,NA,NA,"Yes","HAMLO","No","2025"
"424","HAM-070","HAM","70",3,NA,NA,43.28721,-79.88798,NA,NA,2025-04-11 18:45:00,2025-09-26 14:46:00,0.75,NA,NA,"VR2W-Tx",69,487623,"Generation-2",NA,NA,NA,"Yes","HAMLO","No","2025"
"425","HAM-029","HAM","29",14,NA,NA,43.28936,-79.88731,NA,NA,2025-04-11 19:06:00,2025-09-26 13:53:00,1.2,NA,NA,"VR2W-Tx",69,481801,"Generation-2",NA,NA,NA,"No","HAMLO","No","2025"
"426","HAM-098","HAM","98",2,NA,NA,43.2752,-79.89442,NA,NA,2025-04-17 15:10:00,2025-09-23 16:43:00,1,NA,NA,"VR2W-Tx",69,487637,"Generation-2",NA,NA,NA,"Yes","HAMLO","No","2025"
"427","HAM-097","HAM","97",2,NA,NA,43.26556,-79.93984,NA,NA,2025-04-17 15:45:00,2025-09-26 15:25:00,1.5,NA,NA,"VR2W",69,137955,"Generation-2",NA,NA,NA,"Yes","HAMLO","No","2025"
"428","HAM-089","HAM","89",2,NA,NA,43.26792,-79.92775,NA,NA,2025-04-17 16:20:00,2025-09-26 16:35:00,1.5,NA,0.3,"VR2W",69,137957,"Generation-2",NA,NA,NA,"Yes","HAMLO","No","2025"
"429","HAM-091","HAM","91",3,NA,NA,43.27258,-79.9254,NA,NA,2025-04-17 16:45:00,2025-09-26 16:20:00,0.6,0.2,0.3,"VR2W",69,127840,"Generation-2",NA,NA,NA,"Yes","HAMLO","No","2025"
"430","HAM-092","HAM","92",3,NA,NA,43.27323,-79.92638,NA,NA,2025-04-17 17:00:00,2025-09-26 16:15:00,0.6,0.2,0.3,"VR2W",69,127843,"Generation-2",NA,NA,NA,"Yes","HAMLO","No","2025"
"431","WLN-057","WLN","57",2,NA,NA,43.55139,-79.59178,NA,NA,2025-04-17 18:30:00,2025-09-26 18:15:00,1.3,1.5,NA,"VR2W-TX",69,487640,"MAP-115",NA,"DFO","Access with truck","Yes","WLONA","No","2025"
"432","WLN-058","WLN","58",3,NA,NA,43.54839,-79.58354,NA,NA,2025-04-17 19:15:00,NA,0.6,1.5,NA,"VR2W-TX",69,481721,NA,"code map not available (receiver currently deployed)","DFO","Access with truck -battery not replaced in October when downloaded","Yes","WLONA","No","2025"
"433","HAM-093","HAM","93",2,NA,NA,43.27714,-79.91316,NA,NA,2025-04-25 13:45:00,2025-10-02 15:30:00,1,0.8,10,"VR2W-Tx",69,481802,"Generation-2",NA,NA,NA,"Yes","HAMLO","No","2025"
"434","HAM-088","HAM","88",2,NA,NA,43.27515,-79.9207,NA,NA,2025-04-25 14:05:00,2025-10-02 15:15:00,1,0.5,0.3,"VR2W",69,119690,"Generation-2",NA,NA,NA,"Yes","HAMLO","No","2025"
"435","HAM-090","HAM","90",2,NA,NA,43.2742,-79.91723,NA,NA,2025-04-25 14:25:00,2025-10-02 16:00:00,0.9,0.3,0.45,"VR2W",69,126879,"Generation-2",NA,NA,NA,"Yes","HAMLO","No","2025"
"436","HAM-044","HAM","44",8,NA,NA,43.27636,-79.90489,NA,NA,2025-04-25 14:45:00,2025-09-02 18:49:00,0.75,NA,0.3,"VR2W-Tx",69,481799,"Generation-2",NA,NA,NA,"Yes","HAMLO","No","2025"
"437","HAM-094","HAM","94",2,NA,NA,43.2719,-79.91228,NA,NA,2025-04-25 15:05:00,2025-09-02 18:15:00,1,0.5,0.2,"VR2W",69,119662,"Generation-2",NA,NA,NA,"Yes","HAMLO","No","2025"
"438","HAM-095","HAM","95",2,NA,NA,43.2722,-79.90237,NA,NA,2025-04-25 15:25:00,2025-09-23 16:29:00,1,0.5,0.2,"VR2W",69,127847,"Generation-2",NA,NA,NA,"Yes","HAMLO","No","2025"
"439","HAM-096","HAM","96",2,NA,NA,43.2837,-79.89738,NA,NA,2025-04-25 15:40:00,2025-09-23 17:05:00,1,0.6,0.2,"VR2W",69,127836,"Generation-2",NA,NA,NA,"Yes","HAMLO","No","2025"
"440","HAM-099","HAM","99",2,NA,NA,43.28173,-79.88989,NA,NA,2025-04-28 22:05:00,2025-11-19 16:58:00,1,0.2,0.6,"VR2W-Tx",69,487629,"Generation-2",NA,NA,NA,"Yes","HAMLO","No","2025"
"441","WLN-055","WLN","55",3,NA,NA,43.18206,-79.37526,NA,NA,2025-05-12 20:30:00,2025-10-29 21:00:00,1.3,1.5,NA,"VR2W",69,487641,"Generation-2",NA,"DFO","Jon boat","Yes","WLONA","No","2025"
"442","WLN-009","WLN","9",9,NA,NA,43.22352,-79.45905,NA,NA,2025-06-09 16:43:00,2025-09-23 16:40:00,20.2,1.5,NA,"VR2WAR",69,548247,"Generation-2",NA,"DFO","Coordinates the same, new receiver deployed near old one","No","WLONA","No","2025"
"443","WLN-049","WLN","49",3,NA,NA,43.70014,-79.18003,NA,NA,2025-06-16 16:47:00,NA,27,1.5,NA,"VR2WAR",69,546852,NA,"code map not available (receiver currently deployed)","DFO",NA,"No","WLONA","No","2025"
"444","WLN-031","WLN","31",7,NA,NA,43.70823,-79.1947,NA,NA,2025-06-16 17:02:00,NA,16.9,1.5,NA,"VR2WAR",69,548255,NA,"code map not available (receiver currently deployed)","DFO",NA,"No","WLONA","No","2025"
"445","WLN-048","WLN","48",3,NA,NA,43.71632,-79.20903,NA,NA,2025-06-16 17:28:00,NA,11.1,1.5,NA,"VR2WAR",69,548618,NA,"code map not available (receiver currently deployed)","DFO",NA,"No","WLONA","No","2025"
"446","WLN-032","WLN","32",7,NA,NA,43.76568,-79.10988,NA,NA,2025-06-16 18:08:00,NA,19.2,1.5,NA,"VR2WAR",69,548284,NA,"code map not available (receiver currently deployed)","DFO",NA,"No","WLONA","No","2025"
"447","WLN-033","WLN","33",7,NA,NA,43.78019,-79.02961,NA,NA,2025-06-16 18:28:00,NA,28.4,1.5,NA,"VR2WAR",69,552894,NA,"code map not available (receiver currently deployed)","DFO",NA,"No","WLONA","No","2025"
"448","WLN-037","WLN","37",7,NA,NA,43.74167,-78.97946,NA,NA,2025-06-16 20:22:00,NA,70.2,1.5,NA,"VR2WAR",69,549093,NA,"code map not available (receiver currently deployed)","DFO",NA,"No","WLONA","No","2025"
"449","WLN-034","WLN","34",7,NA,NA,43.8202,-78.93321,NA,NA,2025-06-16 20:40:00,NA,24.7,1.5,NA,"VR2WAR",69,546842,NA,"code map not available (receiver currently deployed)","DFO",NA,"No","WLONA","No","2025"
"450","WLN-038","WLN","38",7,NA,NA,43.77656,-78.83806,NA,NA,2025-06-16 21:00:00,NA,63.5,1.5,NA,"VR2WAR",69,545555,NA,"code map not available (receiver currently deployed)","DFO",NA,"No","WLONA","No","2025"
"451","WLN-039","WLN","39",7,NA,NA,43.78651,-78.67521,NA,NA,2025-06-16 21:23:00,NA,75.3,1.5,NA,"VR2WAR",69,548244,NA,"code map not available (receiver currently deployed)","DFO",NA,"No","WLONA","No","2025"
"452","WLN-052","WLN","52",3,NA,NA,43.89555,-78.45502,NA,NA,2025-06-17 15:54:00,NA,9.2,1.5,NA,"VR2WAR",69,552893,NA,"code map not available (receiver currently deployed)","DFO",NA,"No","WLONA","No","2025"
"453","WLN-053","WLN","53",3,NA,NA,43.86946,-78.44372,NA,NA,2025-06-17 16:47:00,NA,40.5,1.5,NA,"VR2WAR",69,545556,NA,"code map not available (receiver currently deployed)","DFO",NA,"No","WLONA","No","2025"
"454","WLN-008","WLN","8",11,NA,NA,43.20885,-79.31941,NA,NA,2025-06-24 14:40:00,NA,18.1,1.5,NA,"VR2WAR",69,546833,NA,"code map not available (receiver currently deployed)","DFO",NA,"No","WLONA","No","2025"
"455","WLN-003","WLN","3",11,NA,NA,43.2512,-79.23352,NA,NA,2025-06-24 14:58:00,NA,16.2,1.5,NA,"VR2WAR",69,552897,NA,"code map not available (receiver currently deployed)","DFO",NA,"No","WLONA","No","2025"
"456","WLN-042","WLN","42",3,NA,NA,43.19625,-79.31195,NA,NA,2025-06-24 15:25:00,NA,10,1.5,NA,"VR2WAR",69,552911,NA,"code map not available (receiver currently deployed)","DFO",NA,"No","WLONA","No","2025"
"457","WLN-043","WLN","43",3,NA,NA,43.22091,-79.32706,NA,NA,2025-06-24 15:55:00,NA,24.8,1.5,NA,"VR2WAR",69,549105,NA,"code map not available (receiver currently deployed)","DFO",NA,"No","WLONA","No","2025"
"458","WLN-040","WLN","40",2,NA,NA,43.23339,-79.61483,NA,NA,2025-06-24 17:49:00,NA,9.7,1.5,NA,"VR2WAR",69,548264,NA,"code map not available (receiver currently deployed)","DFO",NA,"No","WLONA","No","2025"
"459","WLN-041","WLN","41",3,NA,NA,43.24592,-79.6076,NA,NA,2025-06-24 17:58:00,NA,15.1,1.5,NA,"VR2WAR",69,548251,NA,"code map not available (receiver currently deployed)","DFO",NA,"No","WLONA","No","2025"
"460","WLN-007","WLN","7",10,NA,NA,43.25787,-79.60037,NA,NA,2025-06-24 18:20:00,NA,20.8,1.5,NA,"VR2WAR",69,548242,NA,"code map not available (receiver currently deployed)","DFO",NA,"No","WLONA","No","2025"
"461","WLN-005","WLN","5",10,NA,NA,43.29595,-79.74334,NA,NA,2025-06-24 18:40:00,NA,18,1.5,NA,"VR2WAR",69,552910,NA,"code map not available (receiver currently deployed)","DFO",NA,"No","WLONA","No","2025"
"462","HAM-003","HAM","3",13,NA,NA,43.29524,-79.79745,NA,NA,2025-07-03 14:30:00,2025-11-25 16:49:00,15.6,1.5,NA,"VR2AR",69,545558,"Generation-2",NA,NA,NA,"No","HAMLO","No","2025"
"463","HAM-045","HAM","45",7,NA,NA,43.3046,-79.80238,NA,NA,2025-07-03 14:45:00,2025-11-25 16:30:00,NA,NA,NA,"VR2W",69,132999,"Generation-2",NA,NA,NA,"No","HAMLO","No","2025"
"464","HAM-047","HAM","47",10,NA,NA,43.30267,-79.83991,NA,NA,2025-07-03 15:22:00,2025-11-19 18:17:00,NA,NA,NA,"VR2W",69,121991,"Generation-2",NA,NA,NA,"No","HAMLO","No","2025"
"465","HAM-072","HAM","72",4,NA,NA,43.27815,-79.88745,NA,NA,2025-07-03 16:00:00,2025-10-21 14:44:00,4.3,1.5,NA,"VR2AR",69,549102,"Generation-2",NA,NA,NA,"No","HAMLO","No","2025"
"466","HAM-051","HAM","51",10,NA,NA,43.26976,-79.87317,NA,NA,2025-07-03 16:30:00,2025-11-19 18:39:00,NA,NA,NA,"VR2W",69,132818,"Generation-2",NA,NA,NA,"No","HAMLO","No","2025"
"467","HAM-025","HAM","25",13,NA,NA,43.30969,-79.81158,NA,NA,2025-07-10 13:40:00,NA,4.9,1.5,NA,"VR2AR",69,552899,NA,"code map not available (receiver currently deployed)",NA,NA,"No","HAMLO","No","2025"
"468","HAM-017","HAM","17",13,NA,NA,43.29468,-79.8297,NA,NA,2025-07-10 13:51:00,2025-10-21 12:56:00,19.4,1.5,NA,"VR2AR",69,545560,"Generation-2",NA,NA,NA,"No","HAMLO","No","2025"
"469","HAM-021","HAM","21",12,NA,NA,43.28578,-79.82647,NA,NA,2025-07-10 14:03:00,NA,18,1.5,NA,"VR2AR",69,548276,NA,"code map not available (receiver currently deployed)",NA,NA,"No","HAMLO","No","2025"
"470","HAM-015","HAM","15",13,NA,NA,43.29365,-79.85536,NA,NA,2025-07-10 14:21:00,2025-10-21 13:04:00,6.4,1.5,NA,"VR2AR",69,552978,"Generation-2",NA,NA,NA,"No","HAMLO","No","2025"
"471","HAM-005","HAM","5",12,NA,NA,43.28102,-79.86579,NA,NA,2025-07-10 14:33:00,2025-10-21 14:33:00,13.6,1.5,NA,"VR2AR",69,549115,"Generation-2",NA,NA,NA,"No","HAMLO","No","2025"
"472","HAM-077","HAM","77",4,NA,NA,43.28064,-79.8693,NA,NA,2025-07-10 14:41:00,2025-10-21 13:55:00,12.8,1.5,NA,"VR2AR",69,552973,"Generation-2",NA,NA,NA,"No","HAMLO","No","2025"
"473","HAM-076","HAM","76",4,NA,NA,43.28368,-79.87139,NA,NA,2025-07-10 14:49:00,2025-10-21 13:46:00,12.7,1.5,NA,"VR2AR",69,548706,"Generation-2",NA,NA,NA,"No","HAMLO","No","2025"
"474","HAM-023","HAM","23",14,NA,NA,43.28569,-79.86764,NA,NA,2025-07-10 14:56:00,2025-10-21 13:35:00,5.4,1.5,NA,"VR2AR",69,548282,"Generation-2",NA,NA,NA,"No","HAMLO","No","2025"
"475","HAM-075","HAM","75",4,NA,NA,43.28577,-79.8707,NA,NA,2025-07-10 15:08:00,2025-10-21 13:42:00,4.3,1.5,NA,"VR2AR",69,552977,"Generation-2",NA,NA,NA,"No","HAMLO","No","2025"
"476","HAM-074","HAM","74",4,NA,NA,43.28268,-79.87783,NA,NA,2025-07-10 15:20:00,2025-10-21 14:28:00,9.4,1.5,NA,"VR2AR",69,549107,"Generation-2",NA,NA,NA,"No","HAMLO","No","2025"
"477","HAM-073","HAM","73",4,NA,NA,43.28003,-79.88284,NA,NA,2025-07-10 15:35:00,2025-10-21 14:35:00,5.4,1.5,NA,"VR2AR",69,548265,"Generation-2",NA,NA,NA,"No","HAMLO","No","2025"
"478","HAM-079","HAM","79",4,NA,NA,43.27447,-79.88546,NA,NA,2025-07-10 15:46:00,2025-10-21 14:50:00,4.5,1.5,NA,"VR2AR",69,548243,"Generation-2",NA,NA,NA,"No","HAMLO","No","2025"
"479","HAM-085","HAM","85",3,NA,NA,43.27843,-79.8619,NA,NA,2025-07-10 16:08:00,2025-10-21 13:15:00,10.4,1.5,NA,"VR2AR",69,548262,"Generation-2",NA,NA,NA,"No","HAMLO","No","2025"
"480","HAM-081","HAM","81",3,NA,NA,43.2712,-79.87804,NA,NA,2025-07-23 14:12:00,2025-10-21 14:11:00,3,1.5,NA,"VR2AR",69,548241,"Generation-2",NA,NA,NA,"No","HAMLO","No","2025"
"481","HAM-083","HAM","83",3,NA,NA,43.27432,-79.87759,NA,NA,2025-07-23 14:24:00,2025-10-21 14:17:00,8.2,1.5,NA,"VR2AR",69,552976,"Generation-2",NA,NA,NA,"No","HAMLO","No","2025"
"482","HAM-084","HAM","84",3,NA,NA,43.27551,-79.87173,NA,NA,2025-07-23 14:35:00,2025-10-21 14:02:00,9.4,1.5,NA,"VR2AR",69,549114,"Generation-2",NA,NA,NA,"No","HAMLO","No","2025"
"483","WLN-010","WLN","10",11,NA,NA,43.4168,-79.6725,NA,NA,2025-07-23 17:45:00,NA,16.4,1.5,NA,"VR2WAR",69,547996,NA,"code map not available (receiver currently deployed)","DFO",NA,"No","WLONA","No","2025"
"484","WLN-001","WLN","1",11,NA,NA,43.3306,-79.75633,NA,NA,2025-07-23 18:10:00,NA,17.4,1.5,NA,"VR2WAR",69,548253,NA,"code map not available (receiver currently deployed)","DFO",NA,"No","WLONA","No","2025"
"485","HAM-078","HAM","78",4,NA,NA,43.27774,-79.87807,NA,NA,2025-07-23 19:11:00,2025-10-21 14:22:00,9.9,1.5,NA,"VR2AR",69,552890,"Generation-2",NA,NA,NA,"No","HAMLO","No","2025"
"486","HAM-080","HAM","80",2,NA,NA,43.27191,-79.88202,NA,NA,2025-07-23 19:49:00,2025-10-21 14:55:00,4.5,1.5,NA,"VR2AR",69,552971,"Generation-2",NA,NA,NA,"No","HAMLO","No","2025"
"487","WLN-050","WLN","50",3,NA,NA,43.83455,-78.79845,NA,NA,2025-07-29 15:40:00,NA,26.6,1.5,NA,"VR2WAR",69,552974,NA,"code map not available (receiver currently deployed)","DFO",NA,"No","WLONA","No","2025"
"488","WLN-035","WLN","35",7,NA,NA,43.84834,-78.80354,NA,NA,2025-07-29 16:03:00,NA,20.9,1.5,NA,"VR2WAR",69,548267,NA,"code map not available (receiver currently deployed)","DFO",NA,"No","WLONA","No","2025"
"489","WLN-051","WLN","51",3,NA,NA,43.86043,-78.80888,NA,NA,2025-07-29 16:20:00,NA,10.1,1.5,NA,"VR2WAR",69,548254,NA,"code map not available (receiver currently deployed)","DFO",NA,"No","WLONA","No","2025"
"490","WLN-036","WLN","36",7,NA,NA,43.8789,-78.6188,NA,NA,2025-07-29 16:55:00,NA,16.7,1.5,NA,"VR2WAR",69,552896,NA,"code map not available (receiver currently deployed)","DFO",NA,"No","WLONA","No","2025"
"491","WLN-030","WLN","30",7,NA,NA,43.65163,-79.2506,NA,NA,2025-07-29 18:15:00,NA,20,1.5,NA,"VR2WAR",69,552901,NA,"code map not available (receiver currently deployed)","DFO",NA,"No","WLONA","No","2025"
"492","WLN-054","WLN","54",3,NA,NA,43.63216,-79.3182,NA,NA,2025-07-29 18:50:00,NA,11,1.5,NA,"VR2WAR",69,548250,NA,"code map not available (receiver currently deployed)","DFO",NA,"No","WLONA","No","2025"
"493","WLN-002","WLN","2",11,NA,NA,43.6192,-79.45171,NA,NA,2025-07-30 16:25:00,NA,17.4,1.5,NA,"VR2WAR",69,548283,NA,"code map not available (receiver currently deployed)","DFO","Estimated time","No","WLONA","No","2025"
"494","WLN-047","WLN","47",3,NA,NA,43.55763,-79.50498,NA,NA,2025-07-30 16:52:00,NA,29.9,1.5,NA,"VR2WAR",69,549118,NA,"code map not available (receiver currently deployed)","DFO",NA,"No","WLONA","No","2025"
"495","WLN-004","WLN","4",11,NA,NA,43.56569,-79.51855,NA,NA,2025-07-30 17:12:00,NA,18.2,1.5,NA,"VR2WAR",69,547990,NA,"code map not available (receiver currently deployed)","DFO",NA,"No","WLONA","No","2025"
"496","WLN-046","WLN","46",3,NA,NA,43.57477,-79.53271,NA,NA,2025-07-30 17:30:00,NA,5.9,1.5,NA,"VR2WAR",69,548259,NA,"code map not available (receiver currently deployed)","DFO",NA,"No","WLONA","No","2025"
"497","HAM-022","HAM","22",14,NA,NA,43.30235,-79.79037,NA,NA,2025-07-30 19:03:00,NA,6.6,1.5,NA,"VR2AR",69,552917,NA,"code map not available (receiver currently deployed)",NA,NA,"No","HAMLO","No","2025"
"498","HAM-011","HAM","11",11,NA,NA,43.2773,-79.8669,NA,NA,2025-08-01 13:14:00,2025-11-19 17:18:00,12,3.2,NA,"VR2W",69,119711,"Generation-2","error 1 initialization occurred between deploy and recover",NA,NA,"No","HAMLO","No","2025"
"499","HAM-057","HAM","57",9,NA,NA,43.275,-79.8607,NA,NA,2025-08-01 13:40:00,2025-11-19 17:27:00,2,1,1,"VR2W",69,121990,"Generation-2",NA,NA,NA,"No","HAMLO","No","2025"
"500","HAM-053","HAM","53",11,NA,NA,43.2759,-79.86333,NA,NA,2025-08-01 14:25:00,2025-11-19 17:35:00,7.2,NA,5.7,"VR2W",69,133111,"Generation-2",NA,NA,NA,"No","HAMLO","No","2025"
"501","HAM-052","HAM","52",12,NA,NA,43.27438,-79.86617,NA,NA,2025-08-01 14:40:00,2025-11-19 17:43:00,2.8,NA,0.3,"VR2W",69,127837,"Generation-2",NA,NA,NA,"No","HAMLO","No","2025"
"502","HAM-036","HAM","36",14,NA,NA,43.27139,-79.8695,NA,NA,2025-08-01 15:30:00,2025-11-19 18:30:00,2.7,0.5,NA,"VR2W",69,131493,"Generation-2",NA,NA,NA,"No","HAMLO","No","2025"
"503","HAM-043","HAM","43",10,NA,NA,43.27957,-79.8915,NA,NA,2025-08-01 16:00:00,NA,1,NA,0.3,"VR2W",69,121999,NA,"code map not available (receiver currently deployed)",NA,NA,"No","HAMLO","No","2025"
"504","HAM-063","HAM","63",8,NA,NA,43.2822,-79.88451,NA,NA,2025-08-01 16:00:00,2025-11-19 17:05:00,1.5,NA,NA,"VR2W",69,127827,"Generation-2",NA,NA,NA,"No","HAMLO","No","2025"
"505","HAM-058","HAM","58",9,NA,NA,43.31292,-79.8061,NA,NA,2025-08-01 16:30:00,NA,1.2,NA,0.3,"VR2W",69,124717,NA,"code map not available (receiver currently deployed)",NA,NA,"No","HAMLO","No","2025"
"506","HAM-034","HAM","34",14,NA,NA,43.27142,-79.80812,NA,NA,2025-08-06 15:50:00,NA,1.2,0.3,NA,"VR2W",69,121993,NA,"code map not available (receiver currently deployed)",NA,NA,"No","HAMLO","No","2025"
"507","HAM-041","HAM","41",12,NA,NA,43.2767,-79.83893,NA,NA,2025-08-06 17:05:00,2025-11-19 17:55:00,NA,NA,NA,"VR2W",69,133001,"Generation-2",NA,NA,NA,"No","HAMLO","No","2025"
"508","HAM-046","HAM","46",11,NA,NA,43.30771,-79.82588,NA,NA,2025-08-07 14:20:00,2025-11-25 16:15:00,1.9,0.9,1,"VR2W",69,121988,"Generation-2",NA,NA,NA,"No","HAMLO","No","2025"
"509","WLN-006","WLN","6",11,NA,NA,43.49017,-79.59021,NA,NA,2025-08-22 14:30:00,NA,17.5,1.5,NA,"VR2WAR",69,548275,NA,"code map not available (receiver currently deployed)","DFO","new coordinates","No","WLONA","No","2025"
"510","WLN-044","WLN","44",3,NA,NA,43.40945,-79.65889,NA,NA,2025-08-22 14:45:00,NA,32.4,1.5,NA,"VR2WAR",69,549098,NA,"code map not available (receiver currently deployed)","DFO","replaced with new receiver; new coordinates","No","WLONA","No","2025"
"511","WLN-045","WLN","45",3,NA,NA,43.40183,-79.64084,NA,NA,2025-08-22 14:55:00,NA,49.9,1.5,NA,"VR2WAR",69,547992,NA,"code map not available (receiver currently deployed)","DFO","replaced with new receiver; new coordinates","No","WLONA","No","2025"
"512","HAM-035","HAM","35",10,NA,NA,43.26228,-79.77238,NA,NA,2025-08-28 14:10:00,NA,2,NA,NA,"VR2W",69,137956,NA,"code map not available (receiver currently deployed)",NA,NA,"No","HAMLO","No","2025"
"513","HAM-033","HAM","33",12,NA,NA,43.29215,-79.88395,NA,NA,2025-08-28 15:25:00,NA,0.7,NA,NA,"VR2W-Tx",69,487630,NA,"code map not available (receiver currently deployed)",NA,NA,"No","HAMLO","No","2025"
"514","WLN-009","WLN","9",10,NA,NA,43.22352,-79.45905,NA,NA,2025-09-23 16:56:00,NA,19.3,1.5,NA,"VR2WAR",69,547606,NA,"code map not available (receiver currently deployed)","DFO",NA,"No","WLONA","No","2025"
"515","HAM-032","HAM","32",13,NA,NA,43.27973,-79.89346,NA,NA,2025-10-02 17:05:00,NA,1.85,NA,NA,"VR2W",69,131523,NA,"code map not available (receiver currently deployed)",NA,NA,"No","HAMLO","No","2025"
"516","HAM-013","HAM","13",13,NA,NA,43.29691,-79.80157,NA,NA,2025-10-21 15:53:00,NA,11.2,1.5,NA,"VR2AR",69,552890,NA,"code map not available (receiver currently deployed)",NA,NA,"No","HAMLO","No","2025"
